activityType,region,equipmentAgeYears,season,baselineKg,actualKg
roadTransport,Asia-Pacific,14.0,Spring,6387.077277323992,7196.021421300416
roadTransport,Europe,20.0,Winter,6162.413454570647,7308.325221461825
diesel,India,23.0,Summer,2253.398963477874,2691.1802886931787
electricity,India,21.0,Winter,465.04651766159856,615.8557334991476
electricity,India,9.0,Autumn,773.5255164340641,899.4319064779373
rawMaterial,Europe,24.0,Winter,1932.8814317351341,2304.7397090734567
roadTransport,Europe,8.0,Spring,1115.5723521003827,1082.069556296622
rawMaterial,Asia-Pacific,6.0,Autumn,18225.003376495573,17959.19739775132
rawMaterial,Europe,13.0,Autumn,11895.562164942392,13822.469259653903
diesel,USA,9.0,Summer,1579.3650346296984,1523.7355772272467
electricity,Europe,11.0,Summer,7728.696754785034,8672.63670083991
rawMaterial,Europe,13.0,Winter,6255.864552537488,7380.790980313609
electricity,USA,20.0,Winter,3437.796086681065,4284.944759932538
diesel,India,12.0,Winter,492.7930767857457,632.9841573341505
roadTransport,India,24.0,Spring,10829.87113928025,13819.907733654265
roadTransport,Europe,4.0,Spring,8683.345930077574,9068.777278754706
rawMaterial,Europe,7.0,Spring,13583.61898933546,13416.711841659499
diesel,Asia-Pacific,2.0,Spring,1639.4441675038736,1576.352800381244
diesel,Europe,0.0,Autumn,1108.931823123149,1057.1578566462865
diesel,Europe,8.0,Autumn,1943.347717140015,2019.5471767020042
diesel,USA,12.0,Winter,647.5770891459188,852.2451625667547
electricity,Asia-Pacific,4.0,Winter,2351.986465069736,2465.0198495295394
electricity,Europe,3.0,Autumn,7754.829314646671,8384.102887828347
rawMaterial,USA,12.0,Summer,9136.769857568312,10654.652775186265
electricity,USA,11.0,Winter,1863.3807587222193,2078.392172466191
diesel,Europe,24.0,Winter,943.6368472783655,1424.6485956407337
electricity,India,24.0,Spring,6782.3350265362205,8175.869288009171
electricity,India,9.0,Autumn,3040.0221852342615,3556.4224903714567
roadTransport,Europe,23.0,Summer,3924.9887475336454,4823.258239979981
electricity,India,23.0,Spring,697.3493198918104,881.8178670620312
electricity,USA,21.0,Summer,667.4652092952718,857.58564736474
diesel,USA,11.0,Spring,1274.0559370030915,1313.335619062207
diesel,Asia-Pacific,3.0,Autumn,339.852568843093,317.3904049747306
diesel,Asia-Pacific,19.0,Spring,2637.7953167182704,3034.095895098398
diesel,Europe,15.0,Autumn,2166.5866882106675,2495.0752870283422
rawMaterial,India,19.0,Autumn,10013.471949386489,11202.805254852085
rawMaterial,Europe,2.0,Summer,23992.675243899175,23128.581452824477
electricity,India,6.0,Winter,7707.1266122591605,8743.57181432457
electricity,Europe,24.0,Winter,1293.9587304641889,1669.773603535096
diesel,Asia-Pacific,19.0,Spring,1482.4903724943924,1655.5912455801933
diesel,India,11.0,Winter,1555.4151328836706,2022.6230728230482
electricity,Europe,15.0,Autumn,7005.490298036402,8129.071610924888
rawMaterial,Asia-Pacific,23.0,Summer,26255.433555179352,33348.66636502458
diesel,Europe,24.0,Winter,1823.2755041491102,2770.2729451794694
electricity,USA,13.0,Winter,4684.636219165705,5571.382237888514
electricity,Asia-Pacific,3.0,Spring,2258.1703916000724,2407.786110128722
electricity,Asia-Pacific,23.0,Winter,5470.640283577802,6871.703558914128
electricity,Asia-Pacific,18.0,Winter,5367.031095668124,6630.921833021724
diesel,USA,5.0,Summer,2626.261217168173,2745.8233635276883
roadTransport,USA,0.0,Spring,4244.186194564223,4237.878196927958
electricity,Asia-Pacific,15.0,Spring,2597.2167034142667,2993.0685100938936
electricity,Asia-Pacific,13.0,Winter,7536.793599817293,8458.122469375136
roadTransport,Asia-Pacific,4.0,Spring,5945.625031506727,5811.116492784733
electricity,Asia-Pacific,0.0,Autumn,2878.822420167403,2990.671838725152
rawMaterial,USA,9.0,Spring,27654.23452098818,28525.446526881653
rawMaterial,USA,14.0,Winter,29212.456806514256,36237.68564087413
diesel,Europe,9.0,Autumn,2367.7918411285746,2471.0805042147863
roadTransport,USA,6.0,Winter,3527.8570609580847,3715.9268640670066
roadTransport,USA,23.0,Spring,6863.099363513801,9048.29245420287
electricity,Asia-Pacific,13.0,Winter,6609.224894907227,7471.152485769566
rawMaterial,Europe,14.0,Autumn,11448.103160820783,13158.521890284346
diesel,Europe,21.0,Spring,1638.2614814087015,1897.4611522018556
diesel,India,9.0,Winter,2228.34102743949,2554.598640037429
electricity,Asia-Pacific,11.0,Spring,7929.311758744096,8654.190748513693
roadTransport,Asia-Pacific,12.0,Summer,1298.9502662261525,1399.1402168805039
rawMaterial,India,9.0,Summer,9926.67163273142,10136.28013463256
electricity,Asia-Pacific,18.0,Autumn,3829.587367296905,4344.523926599403
diesel,USA,14.0,Spring,771.1184187270597,952.0954380703482
diesel,USA,24.0,Winter,1814.8625211233439,2662.703371728776
diesel,India,2.0,Autumn,764.723099269947,827.8644114881012
rawMaterial,Europe,21.0,Spring,1006.1157562862423,1202.950015654917
diesel,USA,20.0,Winter,1339.4591284073203,2050.766036569977
electricity,USA,4.0,Summer,3514.351880955539,3785.49601619317
diesel,Asia-Pacific,9.0,Autumn,1727.4393454084461,1841.7322436498473
diesel,Asia-Pacific,23.0,Spring,1811.0339861018342,2205.0223691138394
rawMaterial,Asia-Pacific,19.0,Autumn,17226.958482391663,20562.499861736367
diesel,Europe,0.0,Winter,1300.7118591914013,1614.457751391042
roadTransport,India,7.0,Spring,2997.5529940615647,3008.1901729113997
electricity,Asia-Pacific,13.0,Autumn,551.9480218255724,632.4640138262132
electricity,USA,9.0,Winter,591.2883793820835,572.8786298862475
diesel,Europe,6.0,Spring,434.8476511247368,455.54664052493314
electricity,Asia-Pacific,24.0,Winter,6669.11644769797,8870.312453425946
electricity,Asia-Pacific,4.0,Summer,6257.288915282286,5697.990027207008
roadTransport,Asia-Pacific,22.0,Winter,11294.663875100223,12938.548254726837
electricity,Europe,22.0,Spring,6287.888989119675,8171.9556215651255
diesel,India,18.0,Autumn,1124.9074740571793,1328.7848347152312
rawMaterial,India,18.0,Spring,3229.097825887122,3872.0945615255287
rawMaterial,Asia-Pacific,14.0,Autumn,2997.7523276549564,3395.199864809596
electricity,Europe,24.0,Winter,4723.346777773788,5756.623710774277
electricity,USA,6.0,Summer,8168.304375416264,8270.12822847554
diesel,India,22.0,Autumn,1523.9015508400619,1941.7980892528817
electricity,India,6.0,Summer,3729.2525906156716,4395.012536753011
rawMaterial,USA,17.0,Spring,26374.739632736615,30926.874833088208
diesel,Europe,15.0,Winter,2331.550676984004,2962.4948587454737
diesel,Asia-Pacific,6.0,Spring,2644.3587084930296,2556.535927286924
roadTransport,Europe,11.0,Spring,3597.4983867881433,4264.784623083955
diesel,Europe,2.0,Autumn,779.8748146810113,836.1719190610067
rawMaterial,Asia-Pacific,8.0,Winter,22105.159002230743,19988.69240824265
roadTransport,India,24.0,Winter,1743.1679240848237,2124.4362678586763
diesel,USA,12.0,Winter,2603.311492797649,3515.00847916353
electricity,Europe,15.0,Spring,4520.7916397822755,5322.027703001231
diesel,Europe,16.0,Spring,1905.3761621548354,2216.2427292446114
roadTransport,India,21.0,Spring,7517.724469388626,10092.4178811587
rawMaterial,USA,3.0,Winter,13995.520886814886,13429.893110041652
diesel,Asia-Pacific,4.0,Summer,2614.80918031806,2364.741052314375
rawMaterial,India,15.0,Winter,5291.255716460808,6195.226522927251
diesel,Europe,5.0,Spring,2552.190579241239,2646.8721302878344
diesel,USA,17.0,Winter,1538.3427234972025,2263.134614220222
electricity,Europe,0.0,Winter,6467.521790297406,6577.66861828816
roadTransport,India,24.0,Summer,11549.318028453336,14311.288544078056
electricity,India,8.0,Summer,3641.443923210411,4164.915513339835
diesel,Asia-Pacific,4.0,Spring,2679.2811961864886,2671.8482059145813
diesel,Europe,22.0,Spring,2091.84195904958,2512.1046262919967
diesel,India,12.0,Autumn,1677.3206193119408,1728.3934983238555
diesel,India,7.0,Spring,1707.754500205803,1637.0625936454255
diesel,USA,21.0,Summer,2100.322625358938,2502.778469083276
roadTransport,USA,0.0,Winter,4576.955032959421,4519.9801473390335
rawMaterial,Europe,22.0,Autumn,22421.018061524326,28682.44223526308
electricity,USA,10.0,Summer,2068.9908181544142,2178.484345404494
diesel,Europe,18.0,Autumn,2435.9880361810838,2621.6940501802064
rawMaterial,India,0.0,Summer,23245.408598346447,25138.300288667626
roadTransport,India,3.0,Spring,5594.815880104991,5208.745202376155
electricity,Asia-Pacific,23.0,Winter,767.2592652920906,871.8563499496823
diesel,Europe,15.0,Autumn,1003.6199338223637,1223.754054973789
roadTransport,India,22.0,Autumn,3572.65632753188,4160.74665309422
rawMaterial,Asia-Pacific,2.0,Spring,25866.5219563412,26592.120664239883
roadTransport,India,17.0,Winter,2242.7075722184672,2557.9439100915915
diesel,India,20.0,Summer,1531.0291772420626,1933.2592758168175
electricity,India,13.0,Winter,3247.6622175645075,4565.3765077351745
electricity,USA,14.0,Spring,5301.344034134171,6054.188019502415
roadTransport,Asia-Pacific,10.0,Summer,1395.0626319863395,1454.4472580426586
electricity,Europe,19.0,Spring,2040.8312287929734,2353.2587316030695
roadTransport,Asia-Pacific,13.0,Summer,3509.0826437115825,4291.399899783688
diesel,Europe,18.0,Winter,1950.1880456620706,2657.748472611208
roadTransport,Europe,10.0,Summer,1150.8362889723298,1238.5177813888397
roadTransport,Asia-Pacific,22.0,Spring,376.8564267595521,403.2885446912549
electricity,India,21.0,Autumn,2961.204373465955,4366.963988727169
roadTransport,India,17.0,Spring,824.9958827641603,1007.7951092535903
diesel,Europe,7.0,Winter,1233.005204700764,1450.8967657926635
diesel,Asia-Pacific,1.0,Summer,756.1231338130104,730.8534242669979
roadTransport,India,4.0,Summer,748.20796630543,725.1223683348844
rawMaterial,Asia-Pacific,10.0,Summer,3130.8312254555594,2933.7701268751675
diesel,Europe,22.0,Winter,2278.5315338691703,3263.658309540169
roadTransport,Asia-Pacific,5.0,Autumn,7050.373950578682,7370.415786943639
diesel,Europe,24.0,Summer,1963.1922115498658,2221.819194453405
electricity,Asia-Pacific,5.0,Spring,7950.673778067984,8990.900160593845
rawMaterial,Europe,0.0,Winter,21874.906080723293,23895.03214489127
diesel,Asia-Pacific,4.0,Summer,1422.5406728908974,1441.457282282214
roadTransport,Asia-Pacific,10.0,Spring,3377.711271171386,3726.8051623075285
diesel,Asia-Pacific,12.0,Summer,1876.9191609020556,1897.7218062405686
rawMaterial,India,4.0,Autumn,668.3721020682708,665.9768557443903
diesel,Europe,16.0,Autumn,2299.952113201894,2531.36990440302
rawMaterial,Asia-Pacific,13.0,Summer,27561.239519859693,32184.574162488385
rawMaterial,USA,7.0,Winter,24525.771048301296,24293.747861432497
electricity,USA,2.0,Winter,1689.6305658824351,1735.5448532469231
diesel,USA,24.0,Winter,2367.352576910174,3585.389346851472
electricity,USA,7.0,Winter,3830.8609377620014,3701.2987268637057
diesel,India,14.0,Autumn,1604.280045726996,1624.9290474558115
electricity,India,22.0,Autumn,4553.169766770875,5523.902391585359
roadTransport,Europe,7.0,Autumn,2041.8060697505878,2188.0485834437122
roadTransport,India,19.0,Spring,6214.145617111323,7753.511456389315
electricity,USA,21.0,Winter,5972.559200521953,7487.240644852599
electricity,Europe,0.0,Summer,1211.7158794968896,1075.7127130164029
electricity,Asia-Pacific,23.0,Winter,4322.826226733109,5496.742586584844
rawMaterial,India,14.0,Spring,12412.894169541612,15092.031159118798
diesel,Europe,4.0,Autumn,2239.0298156019135,2462.856357383875
diesel,USA,5.0,Winter,712.8356027943469,783.5720211739578
roadTransport,Asia-Pacific,12.0,Summer,319.00992737996705,346.4819355013445
electricity,Europe,10.0,Winter,7671.201420547341,8354.768224655429
rawMaterial,India,9.0,Winter,22886.741186905627,23562.214308688952
roadTransport,USA,21.0,Spring,199.83232479401025,237.8162414130948
diesel,USA,21.0,Winter,2266.251548800345,3120.277471788388
electricity,Europe,22.0,Summer,2181.411886632707,2450.6247048902706
electricity,India,19.0,Summer,6546.883233085896,9393.71257430924
diesel,India,19.0,Autumn,1502.2092050799517,1767.08198515209
diesel,Europe,16.0,Summer,1628.6756986517003,1948.5999202037617
roadTransport,Asia-Pacific,18.0,Autumn,2206.7943068072104,2739.2733437774423
roadTransport,USA,17.0,Summer,2056.2964725442957,2321.876132245049
rawMaterial,India,19.0,Spring,12576.78341694826,16892.065305679997
electricity,USA,18.0,Autumn,2045.164570214613,2420.439767999095
roadTransport,USA,16.0,Winter,389.5300824004703,435.74975274957177
diesel,Europe,17.0,Autumn,1469.097625708019,1727.9910711745172
rawMaterial,India,5.0,Summer,22716.45008562502,22377.250561071403
roadTransport,Europe,9.0,Autumn,2643.6357413415653,2549.0187136742607
rawMaterial,India,22.0,Autumn,5104.371589856563,6518.6724022657045
electricity,India,2.0,Autumn,2210.072665421076,2703.171741820588
roadTransport,Europe,7.0,Spring,1383.6433039618541,1418.267422388344
roadTransport,Asia-Pacific,2.0,Summer,2662.1687447729505,2521.9711224599178
rawMaterial,USA,15.0,Autumn,12072.57584126953,13133.017124289223
roadTransport,Europe,17.0,Winter,60.15546900840242,72.54943461574119
roadTransport,India,15.0,Autumn,1672.3476240350171,2012.0541950718718
roadTransport,India,10.0,Winter,1576.82609985342,1562.248174120322
roadTransport,Europe,19.0,Winter,3881.6976631632942,4138.375698375856
rawMaterial,Europe,21.0,Winter,23132.826179121974,30364.971409168724
electricity,USA,23.0,Summer,8086.011362363113,9282.26629035793
diesel,Europe,13.0,Spring,2022.3349600061827,2271.361777965535
diesel,India,6.0,Spring,689.0868316799442,654.6077808911973
diesel,USA,12.0,Spring,1893.8508494741802,2317.73645007528
electricity,Europe,17.0,Summer,4536.0644767230815,5305.009784209269
diesel,India,24.0,Spring,1400.5456200728015,1854.6974291205277
rawMaterial,Europe,9.0,Spring,4637.935952673581,4429.507132238708
roadTransport,Asia-Pacific,11.0,Summer,4658.431150167871,4935.679164662306
diesel,India,20.0,Spring,1109.4706929232207,1289.771757487025
rawMaterial,USA,0.0,Autumn,2983.709489715406,2987.6018954209417
rawMaterial,Europe,20.0,Summer,24789.95362122458,30974.177499841073
roadTransport,Europe,2.0,Winter,5678.580918704847,5643.1994466576125
rawMaterial,USA,4.0,Summer,14575.355371266054,14792.353444894703
roadTransport,Europe,10.0,Winter,11386.971976770394,10407.953713953413
roadTransport,USA,1.0,Spring,211.50960811091358,211.13958801524333
roadTransport,Asia-Pacific,24.0,Summer,3031.5453740798,4091.9485373324123
electricity,Asia-Pacific,18.0,Winter,2530.0106190214096,2722.2682794973052
rawMaterial,Europe,16.0,Autumn,4545.426619867175,5574.32867023451
diesel,India,16.0,Autumn,605.3484368231257,739.5814158526165
rawMaterial,Europe,16.0,Spring,19635.42713160684,22913.30895962956
diesel,Asia-Pacific,7.0,Summer,769.6547505554875,710.9088559392377
diesel,India,14.0,Spring,246.44520440991505,280.1341209839669
rawMaterial,Europe,22.0,Spring,16658.368269348866,18339.16932093305
roadTransport,India,8.0,Autumn,466.1845274640371,459.66962046820555
roadTransport,Europe,17.0,Spring,1072.6875288388117,1340.1761657924742
roadTransport,India,23.0,Summer,565.3085630387692,601.0257952522076
diesel,Europe,10.0,Spring,999.3216577534964,986.2791483818249
roadTransport,Asia-Pacific,3.0,Spring,3926.378629392934,3952.878685548984
diesel,India,12.0,Winter,1701.9876771121476,2255.866791948881
rawMaterial,Asia-Pacific,6.0,Autumn,864.2238861998794,910.2645657203136
electricity,USA,20.0,Spring,4147.496536212172,4577.490149646095
electricity,USA,24.0,Summer,3030.3259132234075,3864.292560378972
rawMaterial,India,16.0,Spring,3783.8066106286196,4094.1615059129567
rawMaterial,USA,4.0,Summer,1806.914112387222,1723.9178540635075
electricity,India,14.0,Summer,3742.352711802367,5201.8975204187755
rawMaterial,Europe,4.0,Summer,23323.23436675361,22158.992103096294
roadTransport,Asia-Pacific,6.0,Summer,11693.517753255283,13043.956955527281
electricity,Europe,3.0,Winter,2214.722553777024,2141.2051803862864
rawMaterial,India,21.0,Autumn,18159.67073994782,20248.348845535464
diesel,India,8.0,Summer,608.6718154192721,610.9227740000946
roadTransport,Asia-Pacific,4.0,Summer,1042.088632295305,1116.1031987431759
diesel,India,2.0,Winter,2211.111136226113,2577.614354307181
diesel,India,14.0,Winter,222.76669795531822,264.9899641961559
roadTransport,Asia-Pacific,8.0,Spring,764.0392402767434,730.4837375533758
diesel,India,7.0,Autumn,2505.8268372601483,2392.308396791042
rawMaterial,Europe,7.0,Summer,20703.10020628628,21712.221362795815
rawMaterial,USA,5.0,Summer,28404.946227636163,28466.402735755677
roadTransport,USA,23.0,Autumn,5305.648570778793,6862.188526625111
electricity,India,5.0,Spring,4470.617831885432,5043.966339296326
roadTransport,Europe,8.0,Winter,1345.7519415886113,1382.5434104630333
electricity,USA,5.0,Winter,1884.0357949251957,1982.025055068534
diesel,USA,10.0,Winter,716.0796612424554,855.2245356717303
roadTransport,Europe,3.0,Summer,6081.865096374884,5844.035073860683
electricity,USA,16.0,Autumn,4771.187192885782,5364.383912319793
rawMaterial,Europe,23.0,Summer,24258.02204665043,29254.13823620779
roadTransport,USA,1.0,Spring,3235.7407268099632,3127.273590508433
diesel,India,21.0,Spring,2520.1837285040046,2981.3540802493735
roadTransport,Asia-Pacific,11.0,Spring,726.1168775094806,813.8114611232767
electricity,USA,23.0,Summer,766.3304433994751,959.8877264185145
roadTransport,India,0.0,Autumn,2427.041205728145,2363.2336386680254
roadTransport,Europe,22.0,Summer,1982.9636428344033,2270.449682246272
roadTransport,India,10.0,Spring,424.4136884219795,420.64191715079056
diesel,Asia-Pacific,10.0,Summer,829.7187557374409,856.6929613551848
rawMaterial,India,19.0,Autumn,12084.454045104381,14309.190386664795
electricity,India,0.0,Autumn,2908.5859480130125,3502.4452450274266
roadTransport,Asia-Pacific,24.0,Spring,5898.016682218138,7628.058180913953
rawMaterial,Asia-Pacific,7.0,Autumn,5193.794293653536,5152.593093198584
diesel,Asia-Pacific,2.0,Autumn,2162.647269741814,2034.3329178572237
rawMaterial,India,2.0,Winter,5951.616066902077,6439.086974882322
rawMaterial,Asia-Pacific,5.0,Spring,7110.365518048392,7644.012258509345
rawMaterial,Europe,21.0,Summer,10012.505162854486,11234.708608432664
rawMaterial,India,7.0,Spring,14021.545428741274,15399.391875848205
diesel,Asia-Pacific,13.0,Summer,2615.5858228627767,3088.8841890180006
electricity,India,5.0,Winter,7481.907306750347,9152.571920119412
roadTransport,USA,23.0,Autumn,336.9511626945343,407.74918213507533
diesel,USA,19.0,Winter,1014.9581812237616,1414.1498070996938
rawMaterial,Asia-Pacific,0.0,Summer,15557.043610252007,15364.776144284962
electricity,India,21.0,Winter,2919.117730288622,3834.626236105187
diesel,Europe,13.0,Summer,1898.8717733345459,2183.478178779725
electricity,Europe,5.0,Autumn,5043.310005166331,5076.792716368761
electricity,Europe,8.0,Autumn,5933.5814465226385,6050.2543934551995
diesel,Asia-Pacific,14.0,Summer,2208.5447395986203,2603.5261141526885
roadTransport,Europe,15.0,Winter,6440.364504225222,8174.93177637014
electricity,Asia-Pacific,13.0,Summer,1045.8975600182926,1141.1379208812875
diesel,Asia-Pacific,11.0,Autumn,540.2007555681776,590.0184605655176
roadTransport,USA,12.0,Winter,2223.519713293673,2543.1579941267355
roadTransport,Asia-Pacific,11.0,Autumn,5792.307190865247,6441.678075863296
diesel,Europe,21.0,Autumn,212.04127061598226,258.1097589447177
electricity,Europe,16.0,Winter,7173.842817131284,8709.812687137335
rawMaterial,India,11.0,Winter,22784.89760401062,26395.39930124243
rawMaterial,Asia-Pacific,16.0,Summer,15449.620538350238,17554.655991069943
diesel,Asia-Pacific,1.0,Winter,1655.804197141431,1994.576712708922
rawMaterial,USA,9.0,Autumn,29272.57417540884,27972.56341429757
roadTransport,India,7.0,Summer,3219.5000497658375,3000.08473733893
diesel,Asia-Pacific,15.0,Winter,1666.3238068034736,2093.6908836075277
diesel,Europe,4.0,Spring,310.01207363113315,332.39977508293964
electricity,USA,14.0,Summer,5028.834334689581,6252.18099684078
roadTransport,USA,24.0,Spring,4009.278925129727,5191.426996990007
electricity,India,0.0,Autumn,6435.355649098619,6824.925229196745
roadTransport,USA,15.0,Summer,2743.3145316425266,3111.8438114955084
diesel,India,4.0,Spring,767.2265380081056,824.7976749356122
rawMaterial,USA,24.0,Winter,18096.10813751356,23393.087774858173
roadTransport,India,4.0,Winter,7925.71776969721,8359.565105563186
diesel,Asia-Pacific,19.0,Autumn,820.7825109222556,968.858321046409
diesel,India,4.0,Autumn,2518.598092582972,2610.8593876342225
electricity,India,18.0,Spring,733.8525720025544,972.0848551139877
diesel,Asia-Pacific,17.0,Spring,2591.192201126172,3170.5961710929823
roadTransport,Asia-Pacific,10.0,Autumn,4775.7445065253905,4858.481528292601
rawMaterial,Europe,12.0,Winter,4739.809686558848,5325.536185020148
rawMaterial,USA,0.0,Spring,21718.280118517036,21849.23041670263
electricity,Asia-Pacific,4.0,Summer,7914.471827670908,8233.105564690948
roadTransport,USA,9.0,Autumn,146.69881156626175,137.75772054686286
diesel,Asia-Pacific,7.0,Autumn,2090.6503020775726,2111.377989412636
rawMaterial,India,18.0,Spring,27790.70655173346,32367.37060642741
diesel,India,4.0,Winter,1603.513612668111,1828.965102392793
rawMaterial,USA,8.0,Autumn,25638.741878224228,25074.680082112125
electricity,Asia-Pacific,8.0,Spring,1114.8524062861254,1081.1649908681702
diesel,India,13.0,Summer,2490.7681194222923,2768.5914448695953
roadTransport,USA,17.0,Summer,4330.098249130273,4985.267789127007
diesel,USA,24.0,Autumn,970.0586061954165,1259.899471239857
electricity,Asia-Pacific,6.0,Summer,4799.1892440444935,5009.11404536754
electricity,India,16.0,Winter,3872.0275369318597,4525.307379715381
diesel,USA,2.0,Autumn,562.8594045733643,598.5778202365806
electricity,Europe,7.0,Spring,4453.647106211138,4609.020853295082
diesel,Asia-Pacific,24.0,Spring,1101.978045428792,1465.2052724290988
rawMaterial,Asia-Pacific,10.0,Autumn,22702.77509118293,20632.202686303244
diesel,USA,11.0,Summer,2566.763329901264,2813.1108643240814
roadTransport,Europe,3.0,Autumn,5031.121880410953,5129.753133228388
diesel,USA,3.0,Spring,787.7531414164133,748.81485390469
roadTransport,Asia-Pacific,7.0,Autumn,2866.386797975025,2708.2211055123466
diesel,USA,12.0,Spring,1186.896012483545,1320.39924649876
roadTransport,Asia-Pacific,6.0,Summer,5416.275543143405,5373.155523302422
rawMaterial,India,9.0,Summer,27122.224461944523,26006.65832803963
diesel,India,23.0,Winter,1474.4669483155267,2092.6380310920927
roadTransport,Europe,22.0,Spring,4872.633148987702,6338.5229862394235
roadTransport,USA,24.0,Winter,10681.88113010734,13525.022055249889
rawMaterial,India,4.0,Summer,9322.569108043925,9645.455974927749
roadTransport,USA,17.0,Spring,2075.678645525569,2484.1021368082847
roadTransport,USA,14.0,Spring,3071.7973683445002,3933.9863032164276
diesel,Asia-Pacific,14.0,Spring,720.2067448173569,743.3581491607088
roadTransport,Asia-Pacific,9.0,Autumn,2474.467901808113,2556.9889817802505
diesel,Europe,21.0,Summer,1268.983668513625,1416.507281467234
electricity,India,6.0,Autumn,3067.0912906541776,3595.9275554861697
diesel,USA,6.0,Winter,2101.097464086128,2673.108812567328
rawMaterial,Asia-Pacific,0.0,Spring,17813.15355194274,16310.39189892292
diesel,India,3.0,Autumn,1260.3756982797847,1181.4052967817543
rawMaterial,USA,4.0,Winter,2611.7227210597407,2436.0362533147195
rawMaterial,USA,21.0,Autumn,7263.27185844249,9150.65409438188
diesel,Europe,5.0,Summer,267.2547777524502,247.21618213605635
roadTransport,USA,19.0,Autumn,645.6104275411326,717.1997297142103
rawMaterial,India,14.0,Spring,6398.9929391333235,6961.127403594753
electricity,Europe,11.0,Winter,3117.58217382167,3474.5792045486564
rawMaterial,Asia-Pacific,2.0,Winter,27394.71076115098,26663.39649098499
rawMaterial,USA,19.0,Spring,27389.597982691383,30300.425603087293
rawMaterial,India,20.0,Spring,3276.581564008163,4091.7878309439784
rawMaterial,India,15.0,Spring,15242.699063930151,16927.576003432307
rawMaterial,USA,13.0,Spring,3991.23341317058,4356.291806200425
electricity,India,24.0,Summer,4724.119455149411,6180.910122646223
roadTransport,Europe,22.0,Winter,11620.042498745594,14494.720963586798
roadTransport,USA,4.0,Winter,2969.8643855551472,2891.0876007736697
electricity,USA,17.0,Summer,5301.730911098833,6318.72986419512
diesel,USA,15.0,Autumn,673.7074218370993,852.3152718299048
diesel,India,20.0,Autumn,192.28767838920214,225.73677175221843
diesel,Asia-Pacific,9.0,Summer,2228.035515013083,2167.457520535319
electricity,India,0.0,Summer,7598.278514099341,9814.927831088473
diesel,USA,19.0,Spring,1413.5332306759244,1656.8611776860782
electricity,USA,12.0,Spring,3273.0931496510298,3758.9328641423967
rawMaterial,Asia-Pacific,13.0,Spring,25918.201118009412,29366.626735184287
electricity,Asia-Pacific,5.0,Autumn,412.59022267861246,413.602170531395
roadTransport,Europe,18.0,Autumn,1863.1498972344716,2173.1569411195874
electricity,USA,10.0,Summer,6285.635110438692,5815.507884306847
roadTransport,Europe,2.0,Spring,1034.7412057604497,1080.3787140595991
diesel,Europe,15.0,Autumn,1894.8595694794872,2344.8269408703827
rawMaterial,India,6.0,Spring,6973.404027102828,7443.509109172509
electricity,Asia-Pacific,5.0,Winter,3729.1895605059935,3474.322071875553
roadTransport,Europe,21.0,Winter,8689.691715826146,10396.36188207435
diesel,India,22.0,Summer,1193.528079365673,1427.5962977601148
roadTransport,India,22.0,Summer,1207.0960141566045,1471.5384237950273
electricity,India,17.0,Spring,5312.237698823635,6969.257997763267
electricity,Asia-Pacific,20.0,Autumn,6987.541674541608,8202.60951770222
roadTransport,India,3.0,Summer,3415.914867596292,3602.3472045492967
electricity,Asia-Pacific,5.0,Spring,3466.7470907068164,3559.138341116966
diesel,India,8.0,Spring,394.072702508092,403.23578858866074
diesel,Asia-Pacific,0.0,Winter,2274.859041218399,2752.5775510902185
diesel,Asia-Pacific,7.0,Winter,1308.9216249345732,1681.485327833012
roadTransport,USA,16.0,Winter,986.2381999340745,1213.506723386698
rawMaterial,India,4.0,Autumn,21909.21025373815,24114.796480150944
electricity,Asia-Pacific,22.0,Spring,5990.159193008294,7357.884185958115
electricity,Europe,2.0,Winter,504.32502207977325,470.3555472942079
roadTransport,Asia-Pacific,18.0,Autumn,2113.4044555917603,2372.6658647501463
roadTransport,USA,4.0,Spring,7248.776704183672,7609.783067239935
electricity,India,14.0,Summer,2012.303772503374,2497.6447125720997
electricity,Asia-Pacific,3.0,Summer,6444.397151168368,6591.293244151128
diesel,Europe,9.0,Summer,2167.526331952547,2402.1613115181526
rawMaterial,Europe,1.0,Winter,17990.396756386075,19365.2844274246
rawMaterial,Asia-Pacific,1.0,Winter,4293.248027446843,4402.2612703947125
roadTransport,India,17.0,Winter,1356.6537608495416,1449.3712901534302
electricity,USA,19.0,Summer,2284.9962251752136,2454.3165726948205
electricity,Asia-Pacific,18.0,Winter,7319.144972630209,8057.700586693508
rawMaterial,USA,6.0,Autumn,25062.72953153594,26206.843410684316
electricity,Europe,20.0,Summer,6291.776624933507,8008.323575250031
rawMaterial,USA,22.0,Autumn,19559.63872735978,23695.668804368233
roadTransport,Asia-Pacific,21.0,Summer,12969.44089007757,16006.639097510151
roadTransport,USA,14.0,Autumn,6127.635776098363,6758.00194984393
electricity,USA,4.0,Autumn,5008.808508673841,4533.177966110669
roadTransport,Europe,6.0,Spring,7241.857872591558,7270.256600627848
electricity,Europe,9.0,Winter,4757.149712910453,4899.065914980688
roadTransport,India,7.0,Winter,2605.2549568909963,2705.4962406024324
diesel,Europe,9.0,Spring,2024.0181367576085,2067.8503276370484
diesel,India,12.0,Winter,1505.5191690553775,2105.2350690237754
rawMaterial,USA,21.0,Summer,24662.79236882302,30996.613781496944
rawMaterial,Europe,22.0,Autumn,14186.923854082625,18279.180014739115
roadTransport,India,3.0,Summer,3681.1193823498324,3556.42594374771
diesel,India,20.0,Summer,138.78618345442248,172.13717471177483
roadTransport,India,5.0,Summer,571.1163041446841,529.8657887311554
roadTransport,Asia-Pacific,13.0,Spring,1519.8525370622583,1574.7765252068857
diesel,Europe,3.0,Winter,268.43888335287255,362.5923330864859
roadTransport,Europe,18.0,Winter,876.7377517211712,1017.0221741775805
diesel,Asia-Pacific,11.0,Spring,2132.3477037257962,2479.0766778044
rawMaterial,Europe,12.0,Winter,4852.852547078669,5620.544359341209
roadTransport,India,0.0,Autumn,388.2293282854358,417.60760714606874
roadTransport,India,21.0,Winter,4094.8862190409145,5111.090000510054
rawMaterial,Asia-Pacific,14.0,Winter,4011.0992795951274,4834.988424789185
roadTransport,Europe,15.0,Spring,1799.5713634371534,2038.027394336472
diesel,USA,12.0,Autumn,1916.8414887457507,2327.9490136992667
diesel,India,12.0,Autumn,2126.4536188615066,2580.962987915092
roadTransport,USA,13.0,Autumn,1376.9972364686762,1447.0704433603087
electricity,USA,4.0,Winter,5909.888069702752,5080.666618881693
diesel,Asia-Pacific,6.0,Summer,2435.363338842914,2447.5286537912684
rawMaterial,USA,21.0,Spring,7101.217232582038,8655.181409864788
rawMaterial,Asia-Pacific,19.0,Spring,19582.573567683005,23186.56670858184
rawMaterial,Europe,22.0,Autumn,26789.81992286317,32350.740937387505
rawMaterial,USA,15.0,Winter,22544.203766503335,27860.79415884567
rawMaterial,India,3.0,Spring,1561.7691812987011,1540.5975570771507
rawMaterial,USA,10.0,Summer,4615.583679009676,4056.119490043978
roadTransport,USA,14.0,Autumn,394.3513297239247,469.43211110797796
rawMaterial,Asia-Pacific,15.0,Autumn,27673.537377376684,31650.25004028524
rawMaterial,USA,4.0,Spring,28959.298886275403,28084.710286248606
diesel,India,22.0,Autumn,638.3565730062984,726.8822054091473
electricity,India,11.0,Winter,3132.6546385563183,4423.721336635757
electricity,India,20.0,Summer,2165.218884320121,3015.554293608109
roadTransport,India,23.0,Spring,1608.209400773366,1933.632299672505
diesel,Europe,6.0,Spring,1936.1481575469911,1856.0312935013449
diesel,USA,9.0,Spring,556.0619792557001,558.457046161077
diesel,USA,24.0,Winter,1837.33087083991,2333.169266923314
electricity,Europe,11.0,Summer,895.107494819889,943.4074468048493
rawMaterial,USA,9.0,Winter,28865.76715761471,28846.1343450256
rawMaterial,Europe,19.0,Spring,16341.54871513335,20863.46497559513
rawMaterial,USA,21.0,Winter,1108.8095674150989,1365.6500771890928
rawMaterial,Asia-Pacific,8.0,Summer,16784.869089618704,16082.154532977831
rawMaterial,USA,1.0,Spring,2475.0647333408256,2584.352426595096
electricity,USA,2.0,Winter,1231.6401226621522,1226.846751918326
rawMaterial,Europe,17.0,Spring,3290.4244698057955,3588.5103626881396
rawMaterial,USA,23.0,Winter,10901.357862438419,13232.491381337719
electricity,Asia-Pacific,20.0,Spring,2843.1995036881503,3217.063618355588
diesel,Asia-Pacific,9.0,Summer,1273.5970860552725,1307.7025798409738
diesel,Asia-Pacific,6.0,Summer,1695.9026109753431,1762.7974299419204
roadTransport,Asia-Pacific,0.0,Summer,693.43718500235,684.009490372714
rawMaterial,India,15.0,Winter,4987.3348279559095,6326.9089380372225
diesel,Europe,8.0,Winter,2179.9746012341484,2476.337843137631
diesel,Europe,0.0,Winter,1197.6194532344039,1360.8027545033426
diesel,USA,22.0,Autumn,464.53813903107294,578.8733935120182
electricity,India,0.0,Autumn,638.7467994076361,716.1176098254172
diesel,India,8.0,Autumn,2219.3357062917767,2281.3318467767913
diesel,USA,11.0,Autumn,2649.6149326979626,2981.7636443129877
electricity,India,1.0,Winter,6791.997266948681,8096.72691759824
rawMaterial,Asia-Pacific,15.0,Summer,21174.325327762872,23662.226510824712
electricity,Europe,17.0,Autumn,6243.3571649441565,7154.722133288229
electricity,Europe,21.0,Winter,6159.558470807048,7613.057366376504
roadTransport,Europe,19.0,Spring,1574.1683178460607,1909.0809144569266
roadTransport,Asia-Pacific,14.0,Winter,2312.1662657408306,2713.1919590616985
roadTransport,Asia-Pacific,2.0,Autumn,5264.827365661538,5139.813077289588
diesel,Europe,20.0,Autumn,218.50009671593716,275.6861510547544
diesel,Asia-Pacific,16.0,Winter,2084.4009210588806,2648.1502420199777
roadTransport,Asia-Pacific,14.0,Spring,3511.601383190137,4137.848788984883
roadTransport,USA,13.0,Winter,5747.429112582163,7111.543073202185
rawMaterial,USA,18.0,Autumn,28829.297497243162,33699.58890740814
electricity,Asia-Pacific,13.0,Winter,7561.816341631383,8142.148355569486
roadTransport,USA,24.0,Winter,3925.6428379339677,5047.616095557088
rawMaterial,India,13.0,Autumn,21598.058380753046,25156.73294101214
roadTransport,Asia-Pacific,24.0,Autumn,3641.7130083361944,4592.381817695861
electricity,Asia-Pacific,16.0,Winter,2294.3529221363556,2575.5150013270054
rawMaterial,India,19.0,Winter,9299.578688571612,10177.650192053328
roadTransport,USA,8.0,Summer,853.7569972442849,887.0208227085917
rawMaterial,USA,13.0,Spring,10431.132931235916,12517.179170645917
rawMaterial,USA,2.0,Winter,8331.423688367742,8379.20882644167
diesel,USA,20.0,Spring,296.02975504379145,361.4084659800109
electricity,India,8.0,Spring,7495.992923411054,9121.886937650455
rawMaterial,Europe,1.0,Spring,26001.28000716035,26850.589942741724
roadTransport,Asia-Pacific,21.0,Winter,4901.644510064448,6727.976810366278
electricity,Europe,19.0,Summer,3863.930312013872,4968.746055826881
rawMaterial,India,18.0,Spring,7454.20157071565,9374.25445917498
roadTransport,Asia-Pacific,3.0,Winter,2851.545326480553,2912.0314875112726
diesel,Europe,8.0,Autumn,1422.953387474786,1433.1516351799412
roadTransport,USA,21.0,Summer,1484.5762735526916,1741.3901094250782
rawMaterial,Europe,9.0,Winter,28677.010093949375,28623.90486380913
electricity,India,2.0,Spring,1937.6011822320806,2060.59735096695
rawMaterial,India,5.0,Spring,25283.07169207608,26243.89916307379
electricity,USA,10.0,Winter,6984.17273224533,6875.9592357976135
electricity,India,9.0,Winter,2696.2779327912676,2822.545192568369
diesel,India,23.0,Spring,355.7381842620342,418.1693280649634
roadTransport,Europe,22.0,Autumn,6368.773994270758,7874.277951369488
roadTransport,USA,10.0,Autumn,648.1230295434559,603.4770495996131
rawMaterial,Asia-Pacific,20.0,Winter,8053.7887786667025,8766.714007058841
electricity,Asia-Pacific,12.0,Spring,6006.5637002879475,7000.0457606058
electricity,Europe,17.0,Winter,2409.648038535257,2894.72861781644
rawMaterial,USA,3.0,Spring,11259.322859108099,11140.463682894018
rawMaterial,India,11.0,Spring,2908.0042071078287,3068.559586783677
roadTransport,India,1.0,Autumn,6567.216409269801,6953.426231835113
diesel,USA,18.0,Summer,2459.228568529099,2650.2982627231145
electricity,Europe,2.0,Winter,6049.75010208087,6067.4005517875
rawMaterial,USA,8.0,Spring,12791.010460290045,12314.683331345153
roadTransport,Europe,22.0,Spring,750.6525244856739,923.1158727292113
roadTransport,India,23.0,Autumn,7875.705205950991,9189.356916188573
diesel,Europe,3.0,Summer,1847.373020616225,1760.1908041817567
diesel,USA,11.0,Winter,2166.6763469597254,2683.0052474130266
roadTransport,Europe,11.0,Winter,5906.6168628187215,6816.463996807275
diesel,Europe,21.0,Spring,1930.4216062911776,2131.598207636314
electricity,Asia-Pacific,1.0,Autumn,1709.840971233284,1615.3120140202257
rawMaterial,India,14.0,Spring,5055.431292226291,5701.260118530859
electricity,USA,17.0,Winter,5371.469052972449,6107.968204773613
diesel,Europe,16.0,Spring,1857.9491487653338,2132.6750436386365
electricity,Asia-Pacific,15.0,Summer,2107.382997646373,2420.2907423061533
rawMaterial,India,17.0,Spring,14628.398217153192,17354.97699034648
rawMaterial,Asia-Pacific,2.0,Autumn,28459.74323977278,27838.77171988049
diesel,Europe,9.0,Winter,1140.77564630996,1361.4283638770282
diesel,Europe,14.0,Spring,1376.069148051867,1572.3358321126232
electricity,USA,4.0,Winter,4102.510077883784,4092.0789288399187
diesel,Asia-Pacific,8.0,Summer,2639.297513533842,2436.115612734373
rawMaterial,USA,4.0,Winter,5046.333198290063,4671.320742385356
electricity,India,12.0,Summer,6345.215120191937,7970.12060493102
diesel,USA,12.0,Winter,629.512288250604,881.9653354850583
electricity,India,11.0,Summer,2240.9399033217974,2847.702191314083
electricity,Asia-Pacific,23.0,Autumn,8197.77053437457,10718.607562437073
electricity,Europe,10.0,Summer,2024.937134831076,2096.8560673166185
diesel,Asia-Pacific,24.0,Summer,2151.759463937592,2782.2609969824957
roadTransport,India,20.0,Autumn,1986.732579970073,2446.51338524958
roadTransport,Asia-Pacific,20.0,Autumn,3279.170182562997,3988.4064552383215
roadTransport,Asia-Pacific,20.0,Summer,6012.040081515777,7272.65351644419
electricity,USA,11.0,Summer,7963.244192146662,8664.716301581188
roadTransport,Europe,15.0,Summer,1200.3254452934339,1247.5262371061979
rawMaterial,USA,0.0,Autumn,16857.995218735825,16791.728430003794
roadTransport,Europe,10.0,Autumn,5078.698943805573,5214.907458599949
roadTransport,USA,18.0,Winter,5225.722432158029,6260.986774441288
roadTransport,India,15.0,Autumn,1485.306904384637,1620.7140222582166
roadTransport,USA,4.0,Autumn,4699.535898732025,4512.864210873821
roadTransport,Europe,17.0,Winter,4798.363429892512,5881.304542980136
diesel,Asia-Pacific,20.0,Summer,1047.2897277117163,1325.9414203587885
diesel,India,2.0,Winter,670.4548380058993,782.9995323642107
roadTransport,Europe,3.0,Spring,8833.824567041955,9212.184828211488
electricity,India,7.0,Winter,6399.908472618523,7797.4086071716265
rawMaterial,Europe,7.0,Summer,12127.986437211333,12557.501409825289
diesel,USA,3.0,Summer,1170.4931213138482,1159.3121209675533
roadTransport,USA,12.0,Winter,1576.6152556561797,1717.3870985439894
electricity,Europe,5.0,Autumn,2743.6166312606774,2743.781999373296
diesel,Asia-Pacific,5.0,Winter,261.87542518727724,301.41198426413234
diesel,USA,23.0,Spring,885.8095978460636,1047.6450143042432
rawMaterial,Europe,23.0,Summer,12301.518898791946,14419.790746192675
roadTransport,USA,6.0,Spring,1804.5723666803638,1811.6910524683947
electricity,Europe,18.0,Spring,5456.497904266216,6446.116654285595
diesel,Europe,22.0,Spring,1414.8517386854635,1914.9124359855682
rawMaterial,USA,19.0,Winter,20324.463865568563,22625.667002826107
diesel,USA,13.0,Winter,2228.173586502165,2998.526026403206
roadTransport,Asia-Pacific,22.0,Spring,4385.940471806314,5717.30250660075
roadTransport,USA,17.0,Summer,8520.303238178434,9641.325753946945
electricity,Europe,17.0,Spring,2561.3608554248067,2766.283440100791
diesel,India,23.0,Autumn,2270.955801538382,2673.381270738123
roadTransport,India,10.0,Spring,3393.625853325424,3584.6170413248965
rawMaterial,Asia-Pacific,17.0,Winter,26374.02370647834,32170.44151360137
rawMaterial,Asia-Pacific,18.0,Winter,3171.3601540343134,3716.5013122154114
diesel,Europe,0.0,Summer,2502.2152780062293,2559.955447547227
roadTransport,Europe,20.0,Spring,2749.3163630037334,3448.216893343426
rawMaterial,Asia-Pacific,16.0,Autumn,20136.288970190624,25975.526936988455
electricity,USA,4.0,Spring,4293.866528149474,4205.781841897626
roadTransport,Asia-Pacific,8.0,Winter,1058.51219092411,1125.7647410152247
electricity,Asia-Pacific,8.0,Autumn,1859.119170044135,1917.7572619397563
electricity,India,1.0,Winter,2061.4336861025463,2326.721741207243
rawMaterial,USA,3.0,Spring,20185.579620963377,22308.90688994866
electricity,India,8.0,Summer,1474.1210394426346,1803.2761006132166
rawMaterial,USA,11.0,Winter,12013.23453904856,13874.786837309304
rawMaterial,USA,0.0,Summer,26326.1157262118,25169.763685289035
electricity,India,21.0,Summer,4428.564222129035,5597.4729786787375
rawMaterial,Europe,9.0,Spring,1014.7858660147157,937.3922533181488
diesel,India,13.0,Winter,1187.1342503428455,1489.3801297437014
electricity,Europe,5.0,Autumn,4546.004514830211,4528.417752814111
roadTransport,India,5.0,Winter,5177.997357055887,5181.8858328363995
rawMaterial,Europe,7.0,Spring,4392.193096552486,4443.065237274428
diesel,Europe,8.0,Autumn,440.0476053409871,464.20275043852604
diesel,Europe,20.0,Winter,1004.2322341830968,1346.411494085938
electricity,USA,15.0,Winter,4835.4406711119855,5764.070969969134
electricity,Asia-Pacific,6.0,Spring,7259.3973446533355,7448.09262096716
rawMaterial,India,24.0,Autumn,9006.980203469524,12254.027091362317
electricity,USA,3.0,Autumn,7416.756105734131,7532.483310477122
diesel,Asia-Pacific,14.0,Spring,286.0381809198842,328.5280386321991
rawMaterial,USA,7.0,Winter,27844.160065010787,28591.90222127101
rawMaterial,USA,16.0,Spring,7105.7724580756,8263.97307794089
rawMaterial,Europe,24.0,Summer,18583.978377672964,23497.260606540116
roadTransport,India,7.0,Spring,3771.035608038052,4037.458284910042
rawMaterial,Europe,0.0,Autumn,10569.506747567626,10445.833023572823
rawMaterial,India,8.0,Autumn,20537.892405601557,21016.79331144306
diesel,India,4.0,Summer,1400.1574879462041,1281.9100961758713
diesel,Europe,20.0,Winter,2584.0417768068987,3487.5457841525617
diesel,USA,21.0,Summer,2071.135161133906,2342.2296663944094
roadTransport,USA,5.0,Autumn,1590.0645821322787,1605.302241918647
roadTransport,Asia-Pacific,16.0,Spring,11041.469971645212,12533.214783229458
diesel,India,3.0,Winter,2556.340297181225,3157.88090305063
rawMaterial,Asia-Pacific,24.0,Winter,6924.68633147592,8940.04836024714
roadTransport,Europe,21.0,Summer,29.12269561879687,35.096535461012564
rawMaterial,Europe,1.0,Spring,20778.175555449132,21324.618257800517
diesel,Europe,12.0,Winter,2308.84897354385,3029.1349057624434
diesel,Asia-Pacific,14.0,Winter,724.7734043822159,1043.3498550423717
rawMaterial,Asia-Pacific,21.0,Summer,25314.03393688108,30292.174538521333
rawMaterial,India,9.0,Spring,23267.607004878806,24308.341098677818
roadTransport,Europe,23.0,Spring,2489.2682498273357,2737.75989771062
roadTransport,Asia-Pacific,21.0,Winter,478.8406943151114,640.225890604565
diesel,Asia-Pacific,21.0,Spring,1146.8920485284916,1370.5990140954252
roadTransport,USA,0.0,Autumn,692.7114128817774,646.1572411897712
electricity,USA,2.0,Autumn,7817.733751174852,7191.0405780072815
roadTransport,USA,16.0,Summer,3197.532850972448,3343.7687498643695
rawMaterial,India,0.0,Summer,6128.952061193814,6402.486376013097
electricity,Asia-Pacific,22.0,Winter,4351.412101255117,5200.680616530331
electricity,Asia-Pacific,10.0,Spring,4798.298961437434,4962.957018398968
electricity,Europe,18.0,Winter,2610.6443539285187,3200.590349118733
roadTransport,USA,4.0,Winter,4775.643203243842,4706.2590524369025
diesel,Asia-Pacific,17.0,Autumn,655.115557659845,718.4881503218638
roadTransport,Asia-Pacific,13.0,Autumn,367.0401776937378,422.29631515490206
rawMaterial,USA,2.0,Autumn,15245.069861476639,16209.800395914197
rawMaterial,Europe,3.0,Spring,20642.49804156742,20261.85457153691
rawMaterial,Asia-Pacific,3.0,Summer,4972.613612470873,4999.831363263421
rawMaterial,Asia-Pacific,12.0,Autumn,1676.1802234324125,1976.1186292248133
diesel,India,8.0,Summer,134.0296220871622,138.6552309624432
electricity,India,7.0,Summer,2171.5163304349444,2177.8003033982895
diesel,India,19.0,Spring,720.640821750773,909.7612787195873
electricity,India,17.0,Autumn,7390.157829329736,10155.234582290397
electricity,India,18.0,Winter,1824.7728088239346,2522.010230787802
diesel,Asia-Pacific,15.0,Autumn,2054.3160691505777,2332.7509079251613
electricity,USA,7.0,Spring,5559.301040586625,5583.0165025237575
diesel,Asia-Pacific,1.0,Autumn,2121.4883525654686,2035.7520368535113
electricity,India,9.0,Autumn,4163.747663549263,4902.119805435176
roadTransport,India,20.0,Autumn,6305.423721776929,7511.143433238162
roadTransport,India,3.0,Autumn,6488.963096078254,6373.846506000118
roadTransport,Europe,0.0,Summer,330.0136475568777,323.7715173912541
electricity,USA,16.0,Spring,650.3830745598844,778.6550720452806
electricity,Europe,16.0,Spring,6073.7721729838895,6653.188902914657
roadTransport,India,0.0,Autumn,2318.405723922397,2036.1324440981516
rawMaterial,USA,18.0,Spring,23202.571215967928,27576.290457573617
roadTransport,Asia-Pacific,0.0,Summer,6330.824385822551,6575.868902575168
roadTransport,USA,0.0,Spring,1342.3800991050507,1275.1646390047326
electricity,India,15.0,Autumn,7129.969270252103,9496.985203655011
roadTransport,Europe,15.0,Winter,1820.042167948633,2037.9976714016777
rawMaterial,Europe,11.0,Winter,8975.21632903405,10150.070870589843
electricity,Asia-Pacific,13.0,Autumn,5277.769235938521,6205.373954927792
roadTransport,USA,22.0,Winter,782.3801512039897,936.8799631224506
electricity,Asia-Pacific,20.0,Summer,2799.7897102774796,3383.835105659213
roadTransport,Asia-Pacific,5.0,Spring,3628.233204095327,3503.928810159057
roadTransport,India,17.0,Summer,4359.578160568989,5062.054453536785
electricity,Europe,14.0,Summer,3381.4257126096963,3747.0839610488674
roadTransport,Europe,21.0,Winter,8449.051972294094,10397.18023196433
rawMaterial,USA,9.0,Autumn,27034.87653339252,26997.987525954366
diesel,India,5.0,Summer,1528.6598318999313,1508.2326475525247
rawMaterial,USA,4.0,Spring,6077.56040892503,5668.308914138472
electricity,Asia-Pacific,2.0,Autumn,2009.54359252597,2047.1703517017238
electricity,Europe,1.0,Winter,2649.3263695495784,2676.7823096157153
roadTransport,Europe,14.0,Autumn,4432.414254149088,5070.47193092163
diesel,Asia-Pacific,18.0,Winter,1721.8097895270175,2221.700922521382
diesel,USA,5.0,Autumn,772.773694329547,804.8334636230209
diesel,India,15.0,Spring,1619.736038808988,1709.2290607325594
diesel,India,0.0,Winter,432.05014146593345,522.8526117787106
electricity,USA,14.0,Spring,2069.9322176546557,2430.2467829741813
diesel,India,0.0,Spring,173.1953942460714,184.45287012268778
rawMaterial,Europe,8.0,Spring,13606.85025599096,13532.169395935925
electricity,USA,5.0,Summer,8020.884175079369,8220.397756462282
electricity,USA,21.0,Summer,2957.67777794266,3641.480096064696
rawMaterial,India,8.0,Autumn,13263.70977268931,13461.243612068081
roadTransport,Asia-Pacific,16.0,Winter,5348.119231945062,5906.745910596453
roadTransport,India,22.0,Spring,885.0365414957173,1114.8342045582276
rawMaterial,Europe,24.0,Spring,1047.1595030949334,1235.2993500197863
diesel,USA,10.0,Spring,1648.3689845696526,1493.6330534534445
diesel,Asia-Pacific,9.0,Autumn,2387.1191286277767,2371.1198704767544
roadTransport,India,13.0,Winter,3083.949451539897,3065.399656896116
roadTransport,Asia-Pacific,13.0,Autumn,3347.3084555088235,3522.2174131083125
roadTransport,India,16.0,Autumn,11172.272336176036,12739.776837077958
electricity,India,23.0,Summer,6543.638357589773,9481.429337367867
roadTransport,Asia-Pacific,7.0,Summer,4235.686892039911,4185.477696904995
electricity,Europe,17.0,Winter,6834.749818933188,7805.116931689394
electricity,India,21.0,Winter,4325.497380088716,5361.028829115551
electricity,Europe,23.0,Summer,7632.191798807148,9505.907944677376
diesel,USA,24.0,Summer,796.5623784703939,969.1613492547621
diesel,India,4.0,Winter,2136.4859855670966,2667.4744859383723
roadTransport,Europe,4.0,Winter,361.37370399287454,371.24758572027105
roadTransport,Asia-Pacific,22.0,Summer,2853.150265181397,3395.084123973194
roadTransport,Asia-Pacific,3.0,Spring,3624.9794260148706,3728.1851761346497
diesel,Europe,0.0,Winter,945.178419196144,1107.2936577852834
electricity,USA,9.0,Spring,7299.293301308947,7676.345054254762
rawMaterial,Europe,2.0,Winter,12573.659433853465,11114.089930597293
rawMaterial,USA,14.0,Winter,14737.873139742076,15905.92498665769
electricity,India,7.0,Autumn,7132.554988108438,8801.929074224729
diesel,USA,0.0,Summer,1012.9554620437499,1021.1123607894817
diesel,Europe,9.0,Winter,2378.7126800190867,2899.2042203295864
roadTransport,Asia-Pacific,8.0,Summer,1101.0224129295545,1052.4985050084688
roadTransport,Europe,21.0,Autumn,1457.66310794429,1803.3416912068824
roadTransport,India,14.0,Spring,9325.903883094825,11458.689774792778
roadTransport,USA,14.0,Winter,2585.6317783326667,3025.7603583923506
electricity,USA,15.0,Spring,7772.439530409308,8063.048023515928
rawMaterial,India,6.0,Spring,4719.5612027823345,4484.570617663067
electricity,USA,2.0,Spring,2001.6246266779788,2066.7911435258175
electricity,Europe,0.0,Spring,551.1862797462346,623.413539437707
electricity,Europe,15.0,Winter,487.7346701693206,529.7100406377991
rawMaterial,India,23.0,Winter,24762.162799721562,31007.890567193008
roadTransport,Asia-Pacific,21.0,Autumn,5333.131070323292,6562.257645966125
roadTransport,Europe,8.0,Summer,6107.568696068842,6051.200520518267
rawMaterial,USA,15.0,Autumn,6602.018347056264,7327.27486525475
rawMaterial,USA,11.0,Summer,5843.620407226005,6701.656193927917
rawMaterial,India,12.0,Spring,13613.335501214911,15600.410483016141
electricity,India,14.0,Summer,2213.76231616773,2748.54764817513
diesel,Asia-Pacific,22.0,Winter,1074.9359117405645,1519.2644534944448
roadTransport,Asia-Pacific,10.0,Winter,6719.948925241775,6649.740862700654
rawMaterial,Europe,1.0,Winter,22931.924763823656,25351.398284316394
roadTransport,Asia-Pacific,3.0,Spring,6526.837841768469,6756.747838963537
roadTransport,Asia-Pacific,19.0,Summer,1516.3306603603658,1875.6235012747131
rawMaterial,Asia-Pacific,6.0,Spring,19742.410906081896,18608.05651011224
diesel,India,22.0,Winter,1675.378334614317,2187.547165656374
electricity,Asia-Pacific,3.0,Summer,7051.636798969689,7611.947313888789
rawMaterial,USA,12.0,Spring,21196.402619428583,24044.148560492453
rawMaterial,Asia-Pacific,24.0,Winter,7571.783155272816,9215.075879790931
rawMaterial,USA,10.0,Winter,6022.778209370989,5599.507288625006
electricity,USA,17.0,Summer,3392.0023749594607,4070.000345380241
rawMaterial,India,5.0,Winter,16006.297953158855,16831.086949070836
roadTransport,USA,0.0,Autumn,6288.123459197539,5733.221595639683
roadTransport,Asia-Pacific,21.0,Autumn,903.2162226611904,1076.8344811023585
roadTransport,Asia-Pacific,22.0,Winter,10980.585542991836,13891.513035139284
electricity,Asia-Pacific,0.0,Winter,4024.483124107871,4188.750281938987
diesel,USA,20.0,Spring,2396.029623863756,2939.287005128442
diesel,USA,5.0,Winter,1226.1956364669072,1553.1876319026737
diesel,Europe,7.0,Winter,2008.4387349176886,2638.6954279843826
diesel,USA,10.0,Winter,2203.168876247736,2548.213900416164
electricity,Asia-Pacific,15.0,Summer,6849.619527618388,8114.345609956998
roadTransport,India,2.0,Autumn,2750.05169112939,2893.3090536204422
electricity,India,19.0,Autumn,7356.427639929389,9711.760573252677
diesel,Europe,15.0,Winter,928.851953482019,1322.8783585380636
diesel,USA,13.0,Autumn,2467.6720059815784,2644.621353239747
roadTransport,Europe,10.0,Winter,332.67593787428524,351.1953503996396
electricity,India,9.0,Spring,3452.724203062083,4009.062484133458
roadTransport,Europe,9.0,Summer,1307.3790368163397,1267.982094654543
rawMaterial,Europe,23.0,Autumn,11550.580603639955,15194.58381977018
roadTransport,Europe,18.0,Spring,3303.003626559724,3603.8503017035455
diesel,India,19.0,Summer,2527.066342355168,3105.618731010148
electricity,USA,22.0,Autumn,7137.766671900638,8710.615287911796
rawMaterial,Europe,20.0,Autumn,18850.814021046397,22799.058118341778
electricity,India,9.0,Summer,4731.017259186872,5308.364483758154
electricity,Asia-Pacific,3.0,Autumn,3633.7159548489994,3393.741033814608
diesel,USA,19.0,Summer,1879.0165444135307,2486.049519534007
electricity,Europe,10.0,Autumn,3943.380409398878,4319.17299814742
diesel,Europe,23.0,Winter,2561.7003591299417,3578.3970037424824
electricity,India,4.0,Summer,6905.239297657665,7684.007794060471
roadTransport,Asia-Pacific,7.0,Winter,6049.17939550746,6115.415648503569
electricity,Asia-Pacific,16.0,Summer,5137.337783657684,5622.427362063388
electricity,Europe,23.0,Autumn,1941.9314267835482,2462.9452984171853
electricity,Europe,8.0,Winter,8178.483240249064,8296.520807016115
rawMaterial,Europe,20.0,Autumn,2393.812523176195,2883.3150498067134
rawMaterial,Asia-Pacific,20.0,Autumn,28787.169988879934,35137.159684867576
diesel,India,13.0,Autumn,1115.7314705389467,1280.2208950610586
diesel,Europe,1.0,Winter,1343.225157561503,1602.8757655679624
rawMaterial,Europe,24.0,Spring,28567.983960943042,34058.662490598465
rawMaterial,Asia-Pacific,22.0,Winter,23668.656331317587,27138.593724038525
diesel,Asia-Pacific,9.0,Winter,786.9549533486863,895.1434233089817
electricity,Asia-Pacific,12.0,Spring,897.3801208895278,1034.9679217793948
roadTransport,USA,5.0,Winter,2394.3688924676403,2327.6350715522954
roadTransport,USA,22.0,Summer,6348.04409256959,7715.146788745402
diesel,Asia-Pacific,13.0,Winter,927.5623033992956,1158.5653487605064
rawMaterial,Asia-Pacific,22.0,Winter,2968.492894849859,3280.0903040372705
electricity,Europe,20.0,Summer,3670.9506716137894,4318.403171929819
electricity,USA,24.0,Spring,4883.7002099527435,6397.780905477139
roadTransport,USA,14.0,Autumn,6497.88410534297,7660.072064716101
electricity,Asia-Pacific,7.0,Spring,3303.729975843895,3295.652821305008
rawMaterial,India,11.0,Autumn,14558.758758398157,15024.813212412271
roadTransport,Asia-Pacific,24.0,Autumn,5270.913176525858,6363.984261789134
electricity,Asia-Pacific,7.0,Summer,1940.1056916430152,1749.558936520959
electricity,India,5.0,Spring,4832.595806682915,5459.896793386161
roadTransport,USA,6.0,Winter,9862.716746709848,11186.625825070601
roadTransport,USA,5.0,Autumn,2485.798291157135,2481.997627435786
diesel,USA,21.0,Winter,1671.4046015475476,2494.9036324055314
diesel,Asia-Pacific,7.0,Autumn,1078.997587785727,1041.6111739210114
diesel,Europe,11.0,Winter,1551.5743832231667,2113.940959705621
roadTransport,India,4.0,Autumn,1848.7121017043187,1785.6348772427998
diesel,Asia-Pacific,21.0,Autumn,2047.7675339703524,2393.9463879348514
electricity,Europe,17.0,Summer,826.8776660926071,903.6281765722243
rawMaterial,India,14.0,Spring,6357.69865461498,7027.462743814402
rawMaterial,USA,17.0,Winter,28011.220088438014,33005.96786762099
roadTransport,USA,12.0,Autumn,3303.9360937653705,3806.7398945439395
electricity,India,22.0,Winter,4205.797108439396,6320.617797800032
roadTransport,India,17.0,Winter,4798.574353444386,5221.0472406656345
electricity,Europe,20.0,Spring,764.0749783948505,861.0464247511719
roadTransport,India,9.0,Winter,1821.6688434467915,1881.1920507063828
rawMaterial,Asia-Pacific,0.0,Summer,25249.709485007403,26069.35140223273
rawMaterial,India,14.0,Winter,14052.882282347502,16626.968793750766
electricity,USA,24.0,Spring,1883.39358917905,2361.663737339863
roadTransport,Asia-Pacific,18.0,Summer,1790.3574579833405,2163.9019473253115
electricity,India,20.0,Winter,4817.438312211361,6446.452349268201
diesel,USA,12.0,Spring,2239.1818962366297,2591.729148869176
diesel,Asia-Pacific,16.0,Spring,730.8475776293164,839.5301353102114
roadTransport,USA,7.0,Autumn,3954.138439447799,3941.4479925246596
electricity,USA,23.0,Autumn,2883.7121650066138,3605.7288401199753
diesel,India,3.0,Autumn,2586.715375855613,2655.7031850251465
rawMaterial,USA,16.0,Winter,21007.57655947263,23042.737422182374
rawMaterial,Asia-Pacific,0.0,Autumn,3162.692656496982,2960.3798728883476
rawMaterial,Asia-Pacific,11.0,Spring,5959.543111669917,6826.934519770341
rawMaterial,Europe,14.0,Spring,5296.287497952091,5980.257072204201
rawMaterial,Europe,22.0,Winter,28577.08818774071,35012.58490439729
diesel,Asia-Pacific,21.0,Summer,1819.2321086938314,1872.0558302357686
diesel,Asia-Pacific,7.0,Winter,1605.310772919149,1834.9745726941146
diesel,Europe,17.0,Autumn,2414.1030113436614,3071.2719366150272
roadTransport,Asia-Pacific,15.0,Autumn,3006.978934261741,3371.1817494365
diesel,India,19.0,Spring,2249.596589506204,2611.064165179848
diesel,India,0.0,Summer,431.68732144764675,438.5813945975443
diesel,Asia-Pacific,13.0,Autumn,1743.6783321095738,1983.096603886616
rawMaterial,India,4.0,Summer,10856.855936562722,10880.24323713445
electricity,Asia-Pacific,21.0,Autumn,4485.2841312309165,5357.576204252914
rawMaterial,Europe,17.0,Winter,16796.362278220317,20451.736372996183
diesel,India,22.0,Spring,1054.4844012277822,1240.446388689729
roadTransport,India,4.0,Summer,739.634834985974,755.2907576010612
rawMaterial,Europe,12.0,Summer,17010.13693540789,21033.423693317964
roadTransport,Asia-Pacific,21.0,Spring,4896.569141162167,5754.643466700369
roadTransport,Asia-Pacific,11.0,Spring,1920.7358591768316,2087.2590059717872
electricity,Europe,0.0,Spring,1484.126248283321,1531.95268229918
roadTransport,India,5.0,Summer,10110.439014468591,10265.064052432519
diesel,Europe,16.0,Spring,1552.9127247502295,1826.849238290998
rawMaterial,USA,5.0,Spring,16944.04505659648,16697.7542599058
diesel,Europe,14.0,Winter,2230.9457129668867,2871.0531261528245
electricity,Asia-Pacific,5.0,Autumn,5700.961387857109,5063.500115808962
diesel,India,24.0,Autumn,1665.8827895905822,2047.5390702444163
diesel,USA,17.0,Autumn,2606.5502101596558,3111.9183069734286
electricity,India,13.0,Summer,943.2290254892707,1149.2162054672142
roadTransport,Europe,14.0,Autumn,1150.882351016193,1298.4521194650463
roadTransport,Asia-Pacific,2.0,Winter,4893.490807752702,4997.597361607821
electricity,Europe,17.0,Autumn,1234.760938880277,1531.1516520173589
rawMaterial,Asia-Pacific,5.0,Spring,20128.040764758767,19568.937353546662
roadTransport,USA,7.0,Winter,2032.5561050679223,2053.3277137676
diesel,Asia-Pacific,12.0,Spring,1941.9521950947133,2144.0182425074236
roadTransport,Europe,8.0,Autumn,3864.422100958065,3742.4059230877315
roadTransport,Asia-Pacific,18.0,Winter,1925.0766934012279,2214.576790172368
diesel,USA,4.0,Summer,2122.333996838732,2094.398263033707
roadTransport,Asia-Pacific,10.0,Summer,8466.488505775385,8298.536665556387
electricity,Europe,9.0,Summer,6986.414013979055,6893.573061464895
rawMaterial,USA,8.0,Winter,9507.818017860984,8643.567236099338
roadTransport,Europe,9.0,Autumn,359.96316953212937,373.6365918228799
rawMaterial,Europe,16.0,Winter,21647.20139895917,26753.011870285634
diesel,Europe,0.0,Summer,1152.940454313265,1084.9851846766244
rawMaterial,Europe,12.0,Autumn,29220.506902674373,32847.132188072566
roadTransport,USA,17.0,Spring,1818.9116379129123,2092.333797051097
roadTransport,USA,14.0,Autumn,3153.3556986383633,3628.4019560940897
roadTransport,India,13.0,Summer,7211.657768967364,7719.2675100682645
diesel,Europe,8.0,Autumn,267.38823858451667,261.2380796642431
diesel,Europe,10.0,Autumn,2247.5644027126996,2140.5176162946077
diesel,India,22.0,Autumn,807.4572369555822,937.1614036321606
electricity,USA,21.0,Summer,2074.7085228328583,2389.4319268034255
rawMaterial,India,17.0,Autumn,25393.481678354306,28683.32383414625
roadTransport,Asia-Pacific,11.0,Summer,3101.563774246986,3622.641895137941
diesel,USA,14.0,Summer,825.218638473743,929.3779583120945
diesel,Europe,11.0,Winter,1179.1222916781721,1604.896989224209
roadTransport,India,16.0,Autumn,2794.858961359515,2920.1895507070512
rawMaterial,India,22.0,Summer,6693.6509993528625,7917.174083519927
diesel,Europe,19.0,Spring,1387.9950792985803,1492.1447527841872
rawMaterial,Europe,19.0,Summer,5255.130331008156,6042.395467421192
diesel,India,4.0,Winter,2069.369727245745,2461.8942416248246
diesel,Europe,1.0,Winter,1173.9279102659966,1396.7628010945928
rawMaterial,USA,21.0,Spring,1592.3878791755794,2077.8299769607565
electricity,Europe,21.0,Summer,2434.0611945549326,2818.6434659489087
diesel,Asia-Pacific,14.0,Winter,890.8932221002573,1165.7939418365042
diesel,Asia-Pacific,14.0,Autumn,2237.160686859935,2368.2483158868736
electricity,Asia-Pacific,17.0,Winter,3502.568943596223,4196.723282189687
electricity,USA,3.0,Summer,2518.3163080379545,2430.6963499137023
diesel,India,8.0,Summer,531.6890391913058,547.7785795958159
electricity,India,18.0,Spring,8084.509784156357,11352.077151443682
rawMaterial,USA,19.0,Autumn,13496.635959138224,17297.485363818774
rawMaterial,Asia-Pacific,13.0,Winter,1270.3244135115956,1514.8410700669751
roadTransport,Europe,0.0,Winter,296.6954956566948,304.93752866564984
rawMaterial,Europe,0.0,Spring,14820.436231923424,16620.587656882293
rawMaterial,India,20.0,Autumn,22716.654849135957,28059.157248935677
rawMaterial,Europe,10.0,Summer,28897.2714579588,28324.923288699963
roadTransport,Europe,2.0,Spring,3276.14054356251,3549.243568915393
rawMaterial,USA,21.0,Winter,12994.193096540075,16920.46568216301
diesel,Asia-Pacific,9.0,Spring,1896.7340634691386,1955.4029045441462
electricity,USA,14.0,Summer,876.9583137095915,933.9365821593469
rawMaterial,India,24.0,Summer,25147.495603986015,30736.716227889876
diesel,Asia-Pacific,8.0,Winter,1318.7478338099315,1415.1588798508403
electricity,USA,24.0,Winter,2424.428494939967,3017.696810718654
electricity,Europe,3.0,Winter,1770.5015781324068,1746.3612687299526
roadTransport,USA,24.0,Autumn,1323.9400588236947,1656.8474999458967
electricity,Europe,20.0,Winter,950.5799291935886,1194.1897361464928
diesel,India,23.0,Summer,1002.0805228749315,1221.909625931283
rawMaterial,USA,12.0,Winter,9070.847413859596,10551.459420174304
diesel,Europe,3.0,Winter,1675.555263839057,2098.498220832318
rawMaterial,USA,2.0,Summer,7922.603909910847,7725.622637594368
electricity,Europe,4.0,Winter,5565.691418038045,5903.141581060709
roadTransport,USA,11.0,Summer,3217.3182943884913,3880.9969109352596
diesel,India,13.0,Autumn,476.6311760470583,544.8259892699991
electricity,Europe,22.0,Winter,6088.436368819174,7667.995105185983
roadTransport,USA,10.0,Autumn,203.73465947856405,190.51727524496735
diesel,USA,7.0,Autumn,2411.1535734990994,2319.788189739199
rawMaterial,Europe,8.0,Spring,16580.46708329752,16212.599978405799
diesel,India,24.0,Spring,1126.6847540570914,1480.5597292323334
electricity,Asia-Pacific,22.0,Winter,1041.2907755227925,1219.8335371043281
rawMaterial,Europe,13.0,Winter,13998.869959627227,15673.311909851225
roadTransport,USA,14.0,Spring,2391.3398027506555,2763.1196942688857
rawMaterial,Europe,2.0,Spring,21940.2049477391,23099.9565010913
electricity,Europe,11.0,Winter,4870.887825770404,5617.766658669153
roadTransport,USA,5.0,Autumn,1225.8547851892379,1187.5712846694626
electricity,Asia-Pacific,21.0,Spring,2805.657106870655,3640.0738558839703
roadTransport,Europe,19.0,Winter,4291.730938177665,5097.273932275996
roadTransport,USA,10.0,Autumn,3203.803893037331,3366.934440261634
roadTransport,Asia-Pacific,22.0,Autumn,2287.022445114087,2855.0870687989927
roadTransport,Europe,1.0,Summer,5014.508196901261,4804.473156258319
diesel,Asia-Pacific,2.0,Spring,2196.067574091182,2077.546635353457
roadTransport,Asia-Pacific,14.0,Summer,3482.617712991762,3699.0555192111456
diesel,USA,11.0,Summer,1047.0505476538438,1153.5693068414284
electricity,India,20.0,Summer,2869.8728482335737,3675.503779424648
diesel,Asia-Pacific,16.0,Autumn,1855.3633957233399,2284.583225320902
diesel,Europe,21.0,Winter,1535.5011445040866,2094.2375810763765
roadTransport,Europe,24.0,Spring,421.17030923543007,549.4698827079519
rawMaterial,USA,2.0,Summer,19615.735124013187,18484.561977451915
roadTransport,USA,24.0,Winter,2495.5152400380002,2833.369698575902
roadTransport,India,21.0,Winter,994.1971885571631,1227.0671250004784
electricity,USA,24.0,Summer,5098.074457435034,6363.039492062013
electricity,USA,19.0,Summer,2726.446328892999,3322.775477170606
rawMaterial,India,10.0,Winter,20774.91663085761,19811.4672061279
rawMaterial,India,17.0,Autumn,25797.006601619418,27396.58036803334
roadTransport,Asia-Pacific,19.0,Summer,803.6181065232489,1000.2814157944075
diesel,India,15.0,Summer,1555.5649941532333,1759.8932959381955
electricity,India,15.0,Autumn,2895.9719857014034,3940.567718830596
rawMaterial,Europe,3.0,Spring,6394.2888802155785,6722.917632414058
rawMaterial,USA,17.0,Winter,9464.568678662716,10712.265876016801
roadTransport,Europe,0.0,Spring,4658.079144763357,4429.106109170812
rawMaterial,Asia-Pacific,21.0,Winter,14163.78461514227,15751.01059574735
diesel,Europe,4.0,Summer,160.71681034229857,164.9638957717392
roadTransport,India,20.0,Summer,121.29087713380493,154.87432613369694
roadTransport,USA,14.0,Spring,630.9447811343612,712.8963280185811
diesel,India,0.0,Summer,2260.8584621036907,2107.6254451162813
roadTransport,USA,3.0,Autumn,908.5426945198232,873.7808350039863
diesel,Asia-Pacific,5.0,Autumn,1320.732081108513,1321.1470897904742
roadTransport,India,22.0,Spring,3207.603796484813,3855.008451480416
roadTransport,Europe,8.0,Spring,471.0007082806109,443.2892988415571
electricity,Europe,9.0,Spring,2617.406096661811,2637.9669594033894
diesel,Europe,14.0,Autumn,497.978394371515,602.6714774510414
diesel,Asia-Pacific,14.0,Spring,1656.5312127189968,1985.7232114450758
electricity,Europe,7.0,Autumn,2518.1297586631176,2476.1242630584557
diesel,Asia-Pacific,3.0,Autumn,152.672748028915,153.04130218312423
rawMaterial,India,15.0,Autumn,6425.247460366247,7230.315366472017
diesel,India,24.0,Spring,2470.0645025784343,3156.047515387235
diesel,Asia-Pacific,4.0,Spring,1282.7378654335425,1316.3665084439017
diesel,Europe,13.0,Winter,1290.5927982268881,1777.7000998315175
electricity,India,13.0,Winter,4449.595554706067,5672.96750355771
electricity,Asia-Pacific,22.0,Spring,8118.246547063871,10062.313124720873
diesel,USA,10.0,Spring,1546.3471711568739,1556.4773503970343
diesel,Europe,24.0,Winter,275.0888519739543,418.85656447260425
electricity,Asia-Pacific,19.0,Winter,4925.232767407184,5647.532768553712
rawMaterial,USA,1.0,Spring,1787.6860477685002,1792.3625046675884
rawMaterial,Asia-Pacific,12.0,Autumn,7439.472663554276,8536.693675099921
electricity,Asia-Pacific,17.0,Summer,6622.634412859625,7946.649532408101
diesel,Europe,11.0,Autumn,319.18317704448975,388.5739346284018
diesel,Europe,22.0,Spring,2126.0561178937583,2599.65337087575
rawMaterial,Asia-Pacific,0.0,Spring,12433.64265124673,12465.47147207088
roadTransport,USA,23.0,Autumn,4132.144132791669,4941.736949043809
roadTransport,India,19.0,Autumn,1297.480569415908,1667.456923779763
diesel,Europe,2.0,Summer,1304.2551449440875,1371.828049329485
rawMaterial,USA,15.0,Summer,18884.323474224166,23384.258261706964
roadTransport,Asia-Pacific,13.0,Spring,321.26150574164615,331.6231831955721
electricity,India,0.0,Spring,3170.598255461994,3989.526868386966
roadTransport,Asia-Pacific,10.0,Autumn,6031.048593645659,5977.390904643608
roadTransport,India,24.0,Spring,1050.479346555805,1336.4529497346261
rawMaterial,USA,18.0,Winter,24512.988620687323,28659.95515113088
rawMaterial,Asia-Pacific,5.0,Autumn,10146.51857667487,9299.385663038538
electricity,India,20.0,Spring,6135.846200418724,8174.819816330468
roadTransport,Asia-Pacific,21.0,Spring,3734.6136922366677,5070.526138134611
electricity,USA,17.0,Spring,3646.854551253493,4223.763325432736
diesel,India,13.0,Autumn,400.505020983468,459.80922801206617
roadTransport,Europe,2.0,Spring,88.55914417430971,84.62113160546915
rawMaterial,India,0.0,Autumn,6264.8682798129485,6696.6066947483205
electricity,India,10.0,Winter,4991.249436946431,6032.556483593942
roadTransport,Europe,15.0,Spring,1270.7447551142152,1353.4391431609145
diesel,Europe,1.0,Spring,595.2635322641511,580.2316800608099
electricity,India,5.0,Spring,5003.400727230556,6120.341239162857
diesel,Asia-Pacific,15.0,Spring,585.4734045081498,704.1308064118208
electricity,Asia-Pacific,23.0,Summer,3528.436993787624,4502.5890688830705
electricity,Europe,3.0,Autumn,5468.661009643288,5760.791229927346
rawMaterial,India,14.0,Winter,5035.88692638708,5914.321312001933
rawMaterial,India,4.0,Autumn,16912.315371566434,17977.142855448117
electricity,Asia-Pacific,12.0,Summer,6020.026620652025,7128.919670423956
roadTransport,India,2.0,Winter,257.4819124580086,253.92047582569998
roadTransport,India,9.0,Spring,6335.849854043572,6478.688856735059
rawMaterial,India,23.0,Summer,1754.7534211856125,2375.480070211292
rawMaterial,Europe,7.0,Autumn,23826.56387310006,23988.790467906474
electricity,Europe,13.0,Spring,3323.0481775919357,3671.514538544001
roadTransport,India,1.0,Spring,6176.816962878947,5897.82219856979
rawMaterial,USA,5.0,Autumn,11198.854276578168,10988.985292369023
rawMaterial,Asia-Pacific,18.0,Spring,12104.290674164564,13961.250386136124
rawMaterial,Europe,14.0,Summer,27230.95216004345,31764.734723998128
roadTransport,India,22.0,Winter,2004.828908510481,2500.438429326767
roadTransport,USA,6.0,Winter,503.75307186311295,497.02478624782987
roadTransport,Asia-Pacific,15.0,Summer,10031.348322636111,11803.188168275168
roadTransport,India,6.0,Spring,9349.015841639311,9556.925710407502
roadTransport,USA,24.0,Spring,698.0678620750746,829.8696863006702
roadTransport,USA,18.0,Autumn,494.9282367769777,559.7237498929122
diesel,Asia-Pacific,7.0,Autumn,2352.20664335697,2339.359780959229
rawMaterial,Asia-Pacific,6.0,Summer,4397.068378340746,4623.398125299868
rawMaterial,USA,2.0,Winter,25829.67738020953,26956.258622206016
diesel,India,6.0,Winter,1960.6658660979283,2492.991452034563
rawMaterial,Europe,10.0,Spring,20151.796392641794,20067.44302857736
electricity,USA,3.0,Autumn,4911.279898074084,4854.884341706457
rawMaterial,India,2.0,Winter,21098.430838943004,19056.91440639432
diesel,Europe,13.0,Winter,1842.3990484367882,2330.5271507828515
electricity,Asia-Pacific,19.0,Winter,1287.0797342624248,1639.3579120092572
diesel,USA,17.0,Summer,254.16280252152694,298.451786814306
rawMaterial,Europe,14.0,Winter,7782.57061244961,8955.216026180673
roadTransport,India,1.0,Spring,4624.217023071074,4722.265883068772
diesel,Europe,13.0,Winter,1010.0572590446797,1346.025765728083
diesel,USA,6.0,Summer,2374.262639646979,2759.2603633775066
diesel,USA,21.0,Winter,1340.8199531047412,2108.7183950815984
electricity,USA,23.0,Spring,4539.186524852996,4905.621433868737
diesel,Europe,15.0,Spring,2306.3553265758615,2536.8812636711386
rawMaterial,India,16.0,Autumn,8594.310818014075,10577.389799868828
electricity,Europe,4.0,Spring,2432.3095800890474,2529.126775861014
rawMaterial,Asia-Pacific,8.0,Autumn,17090.714414526814,18057.390936209973
diesel,India,3.0,Autumn,1440.0454246440302,1435.2549584862447
diesel,USA,22.0,Summer,2050.752677876097,2576.3226386948086
roadTransport,India,0.0,Autumn,3409.593700189407,3472.357789994673
electricity,USA,10.0,Autumn,6205.982640908401,5903.26394105345
roadTransport,Asia-Pacific,5.0,Winter,477.5530971802551,496.06578230633124
diesel,USA,23.0,Winter,1724.3944785263432,2454.3338955115223
electricity,India,6.0,Autumn,6759.411664264536,7454.270798154918
electricity,Europe,22.0,Summer,5641.668517494233,6895.67592538894
rawMaterial,Europe,23.0,Autumn,9862.146002137373,11827.37551561837
roadTransport,Asia-Pacific,21.0,Summer,9828.138791384905,12501.217468170953
electricity,India,13.0,Summer,7099.751538443505,8957.671959697771
roadTransport,Asia-Pacific,18.0,Summer,131.50186999381398,156.0690864068042
roadTransport,Europe,24.0,Summer,1909.9992266717068,2236.194440558773
diesel,India,10.0,Summer,2438.8912514807726,2185.784579629771
diesel,India,15.0,Autumn,1938.8571411208627,2220.090294075144
diesel,India,13.0,Summer,1850.0486438145808,1987.7212044287191
electricity,Asia-Pacific,2.0,Summer,6337.30176606106,6651.251089817279
electricity,Asia-Pacific,5.0,Spring,1016.502287752315,1006.1889844835644
electricity,USA,15.0,Winter,1310.1997543421212,1523.3302499669637
rawMaterial,USA,10.0,Winter,1005.7615323018626,1010.1443363331088
diesel,USA,3.0,Spring,2055.0509878876646,2310.849460605299
rawMaterial,Europe,18.0,Winter,20854.04140267036,24318.472132994626
rawMaterial,USA,8.0,Summer,19252.3982438282,17941.81786316908
diesel,Europe,5.0,Spring,2153.3052576539417,2086.3237005090537
roadTransport,USA,6.0,Spring,3748.3902496565547,3644.6183629776374
electricity,Europe,12.0,Winter,7054.296530227187,8039.080749485997
diesel,Europe,0.0,Summer,1427.7288157215849,1381.1215109855275
diesel,Europe,13.0,Winter,1351.3926193731793,1853.4250732931696
electricity,USA,8.0,Spring,4547.342976469339,4843.032623946386
roadTransport,Europe,17.0,Summer,10746.404930513625,13761.466821968772
diesel,Europe,6.0,Summer,2233.958489556649,2310.1516612538103
diesel,Asia-Pacific,16.0,Spring,1218.5896845666182,1418.6785569231567
roadTransport,Asia-Pacific,23.0,Winter,4577.972586961154,5691.309955405787
diesel,Europe,16.0,Winter,625.7853814078697,757.3797258605724
roadTransport,Asia-Pacific,6.0,Summer,1423.7817655709903,1260.1631116089566
rawMaterial,USA,0.0,Winter,25269.153009887545,24208.707227043273
electricity,USA,12.0,Spring,4659.36975245477,5571.901261646096
diesel,Asia-Pacific,16.0,Spring,723.6511170488868,826.0619413252514
rawMaterial,USA,8.0,Winter,10501.47447252558,11069.729162580259
electricity,India,15.0,Summer,4940.385152571932,6111.565543507812
diesel,Europe,23.0,Spring,340.108212150542,435.07113830021655
electricity,USA,15.0,Summer,2758.3972331840573,2967.4388991257897
diesel,India,3.0,Spring,2557.950989142901,2612.8638321122835
rawMaterial,Asia-Pacific,14.0,Winter,26056.679091348797,27428.200226103225
roadTransport,USA,24.0,Winter,2916.8163693170386,3581.3563917023184
electricity,USA,20.0,Winter,1892.72503599042,2283.292147857836
rawMaterial,India,16.0,Winter,9615.467360264476,11613.856724458652
roadTransport,Europe,22.0,Spring,11549.608293644806,14412.46755611045
diesel,USA,15.0,Winter,238.55956792437223,343.19678726249845
diesel,USA,16.0,Spring,184.9791428981497,212.87269906537531
rawMaterial,India,5.0,Autumn,18940.453119317495,18356.012126702066
rawMaterial,Europe,13.0,Spring,16366.070458384576,17888.54532284437
diesel,India,19.0,Spring,684.0160472407618,776.1020352656848
rawMaterial,Asia-Pacific,10.0,Spring,18316.22174998825,17753.905859812185
diesel,Asia-Pacific,12.0,Spring,1708.1683736296902,2002.7470954796638
diesel,USA,20.0,Winter,658.4251713427444,966.0554593821441
rawMaterial,USA,19.0,Winter,21639.84620338857,26346.897414567753
roadTransport,Europe,7.0,Winter,10587.678055049148,9602.786831981215
electricity,USA,12.0,Summer,7400.725109725157,8646.989770439239
diesel,USA,19.0,Winter,2210.887739074104,2820.2776302072357
roadTransport,Asia-Pacific,18.0,Winter,4332.524298273596,5497.224528401621
roadTransport,India,6.0,Winter,2652.3091190829223,2492.0859335110185
roadTransport,India,8.0,Spring,2129.1675094103566,2102.3846228675297
electricity,USA,7.0,Spring,2918.906099174734,3081.9027451326706
rawMaterial,India,22.0,Autumn,28144.702507134523,34656.58134474202
diesel,USA,5.0,Winter,1477.238979950934,1718.7770216149117
diesel,Europe,0.0,Autumn,1571.0046324872376,1599.5274491529956
rawMaterial,USA,1.0,Spring,11568.208373393867,11769.241631947492
electricity,Europe,11.0,Summer,6347.631934267439,7076.414489278242
diesel,USA,18.0,Winter,1374.4417696231926,1746.3093404980114
rawMaterial,India,9.0,Winter,24098.098710906448,23299.27230661513
rawMaterial,Asia-Pacific,9.0,Winter,13201.87262198542,12700.009409716007
electricity,USA,11.0,Spring,3113.1481928610374,3789.484314046305
roadTransport,Asia-Pacific,22.0,Winter,2592.8005045801515,2834.588171956094
roadTransport,USA,5.0,Summer,5927.016803767976,5832.096280283043
rawMaterial,Europe,23.0,Summer,28703.858785706656,39526.13549098219
diesel,Europe,0.0,Winter,1226.6146065258874,1499.690328042462
rawMaterial,Asia-Pacific,19.0,Spring,24801.330542178774,28458.379447224506
diesel,India,9.0,Winter,291.7158363021033,339.3839408963756
diesel,India,22.0,Autumn,226.8298354020246,293.02563803244846
diesel,Europe,4.0,Spring,235.64276790731063,233.13813709245238
roadTransport,Europe,21.0,Summer,3539.8533920777877,4474.3078119790225
electricity,USA,19.0,Autumn,8147.535880187725,9827.3283706768
diesel,USA,3.0,Summer,1449.333848860985,1459.9061983910085
diesel,Europe,4.0,Summer,872.4520957411539,792.7952384655758
diesel,Europe,21.0,Autumn,566.2069267461363,679.2128445188428
electricity,Asia-Pacific,24.0,Summer,4673.6592910045965,5545.876896056197
diesel,USA,12.0,Summer,942.0720121709957,1059.5094130456464
diesel,USA,11.0,Autumn,2441.270540481863,2503.8409107032167
rawMaterial,Asia-Pacific,12.0,Summer,25471.906727916674,30050.131837733825
rawMaterial,Asia-Pacific,7.0,Autumn,22162.053350546194,21805.340540147845
electricity,Asia-Pacific,4.0,Autumn,4595.882470408381,4736.759866369754
electricity,India,17.0,Summer,6992.322949856389,8832.33381361466
rawMaterial,Europe,7.0,Autumn,12222.60489638654,12778.617440373719
rawMaterial,India,0.0,Summer,6633.260750827013,6147.506381739981
rawMaterial,USA,4.0,Spring,29370.2220853387,26989.590131938294
electricity,Europe,7.0,Autumn,2014.7842359203905,1981.97087791025
roadTransport,Asia-Pacific,3.0,Summer,9642.387659503163,8913.290283842445
electricity,Asia-Pacific,11.0,Spring,3549.613914892518,3762.8915296681384
rawMaterial,USA,23.0,Winter,4080.785243773022,4861.784530990216
diesel,USA,9.0,Autumn,1225.3283348649218,1048.156113705934
electricity,India,23.0,Autumn,5297.974931387706,6995.714131432998
diesel,Europe,11.0,Summer,2564.294082794955,2615.3933308994783
roadTransport,USA,7.0,Winter,2143.367288410178,2213.1708680575102
electricity,India,17.0,Spring,6181.371600720847,7621.271336018773
diesel,Europe,22.0,Spring,831.5754378085242,999.4237866951836
roadTransport,India,14.0,Summer,3974.1305765650045,5112.921663149555
rawMaterial,India,9.0,Summer,11268.027900885489,10822.160777410465
roadTransport,Europe,2.0,Winter,5660.343907136279,5756.410005863244
diesel,India,5.0,Summer,2159.7509472640313,2137.4855563408846
rawMaterial,Europe,1.0,Autumn,27591.303232518054,27039.210220609526
rawMaterial,Europe,14.0,Summer,11236.110604793299,12773.351373818445
diesel,Europe,16.0,Winter,1960.1487359542161,2710.848678378121
rawMaterial,India,12.0,Autumn,25578.828763242185,26472.57846034088
rawMaterial,USA,2.0,Winter,20745.07641153403,18016.341526201817
diesel,USA,17.0,Spring,1357.5056093691385,1595.1199781832106
rawMaterial,Asia-Pacific,11.0,Autumn,6487.483990347389,6932.173495893576
roadTransport,USA,19.0,Spring,1001.7239577864145,1081.074486296568
diesel,India,18.0,Spring,910.2833546843717,1080.1667596786076
diesel,USA,3.0,Summer,892.3500283014779,885.531978069486
roadTransport,India,20.0,Winter,4568.532561733313,5895.667716436
electricity,Europe,9.0,Summer,2974.706493509463,2964.0663830466697
diesel,USA,18.0,Autumn,1461.8688050373223,1669.5182938684582
electricity,Asia-Pacific,6.0,Spring,5363.744864878861,5333.2416304859735
electricity,India,24.0,Summer,1880.705476355132,2623.5739074053413
rawMaterial,India,5.0,Winter,13803.594749373595,14159.075016171477
electricity,USA,0.0,Winter,4838.084924234621,4416.145347306626
roadTransport,India,11.0,Winter,5018.908018293278,5485.7055858255535
electricity,Asia-Pacific,15.0,Autumn,7904.435706753128,9423.979624105748
roadTransport,Asia-Pacific,5.0,Winter,3943.347941686294,3991.3892022645487
diesel,India,18.0,Spring,1165.050023459776,1299.82033521739
electricity,India,9.0,Autumn,4916.84076380551,5794.0478113391355
roadTransport,Asia-Pacific,11.0,Winter,498.0239966015562,473.9038080674194
roadTransport,Asia-Pacific,5.0,Autumn,2887.2389894344765,2893.8062276419305
electricity,Europe,1.0,Autumn,3915.0612225544164,4024.3572865372107
rawMaterial,Europe,4.0,Spring,29367.63593867494,29844.065047164702
electricity,Europe,7.0,Winter,1727.771153032453,1571.938048181562
diesel,India,11.0,Spring,2285.4011557986055,2527.1060394891056
rawMaterial,USA,17.0,Spring,3208.0742083426117,3725.761481697944
roadTransport,Asia-Pacific,16.0,Summer,9888.978507618702,11435.442463518733
roadTransport,USA,18.0,Autumn,3541.376699946576,4141.703327532855
electricity,India,0.0,Spring,2248.4135600329605,2547.2642263608263
roadTransport,Asia-Pacific,17.0,Summer,1491.2448915921996,1715.3882052145254
rawMaterial,USA,6.0,Autumn,25814.55180738687,25415.809082669264
roadTransport,USA,6.0,Summer,981.5446361710414,903.7923683220483
roadTransport,Europe,8.0,Spring,3512.9738865278214,3646.381684836212
rawMaterial,Asia-Pacific,11.0,Spring,5233.917740802301,5724.89793447229
diesel,USA,22.0,Autumn,438.3255938668601,525.2089419684546
roadTransport,Asia-Pacific,0.0,Spring,1006.0855285542533,993.776851384282
diesel,India,17.0,Winter,151.3040127002406,208.16873005476404
diesel,USA,11.0,Autumn,2637.585596382621,3161.1988688778815
rawMaterial,Europe,8.0,Summer,21289.117490291246,20459.807647070073
roadTransport,USA,17.0,Summer,6366.3193838394045,7524.284781426792
diesel,USA,14.0,Winter,211.28078888702888,281.1478868042233
roadTransport,Europe,21.0,Summer,1590.1971637344545,2040.0771193724597
rawMaterial,India,16.0,Winter,18520.989483465994,20350.95245347774
roadTransport,Asia-Pacific,19.0,Spring,1414.2000453346727,1693.5228403274987
diesel,India,12.0,Autumn,1067.5644277237907,1213.227542223017
roadTransport,Europe,3.0,Autumn,412.17867792768027,410.7931483254277
diesel,Europe,23.0,Autumn,1422.087087172719,1792.4332603368105
diesel,India,5.0,Autumn,1883.698638450899,1919.8124407803698
rawMaterial,India,16.0,Autumn,20872.251828581062,24187.753284868937
rawMaterial,Asia-Pacific,21.0,Autumn,9381.375925929815,11290.58425932848
roadTransport,Europe,11.0,Autumn,7263.13550627565,8499.01331158727
rawMaterial,USA,24.0,Spring,22324.484909298233,29902.612968375983
rawMaterial,Asia-Pacific,2.0,Spring,14305.913367994805,14921.586001309424
roadTransport,India,9.0,Winter,4856.650842470079,4418.607860292442
rawMaterial,Europe,12.0,Autumn,14813.769997881513,15811.294615344148
rawMaterial,Asia-Pacific,1.0,Spring,8051.89196414342,7826.132652107574
electricity,Asia-Pacific,6.0,Autumn,7637.139260657423,7791.490757811041
roadTransport,USA,5.0,Summer,8857.748669952278,9174.79971255935
electricity,Europe,16.0,Winter,6909.390158887813,8759.867911189465
diesel,USA,4.0,Autumn,221.52348136349238,232.40226678702356
diesel,USA,4.0,Spring,1241.5471571902087,1266.142169151581
diesel,Europe,11.0,Winter,2158.0993730198857,2571.4890348197796
electricity,Asia-Pacific,5.0,Summer,1543.5656109135277,1549.6455404955466
electricity,Asia-Pacific,4.0,Autumn,5470.041292636732,5758.290837865064
electricity,Europe,19.0,Spring,5286.966182960442,6163.69624741218
diesel,India,1.0,Autumn,2602.3238298881297,2522.0641453608255
rawMaterial,USA,18.0,Winter,21865.45894827086,26884.46006868555
roadTransport,Europe,2.0,Winter,6916.490196224423,6447.027358448451
roadTransport,India,10.0,Summer,8641.093532045215,9215.89116099978
roadTransport,Europe,6.0,Autumn,8265.077066998596,8811.010920886323
rawMaterial,Europe,18.0,Autumn,3394.7966892342565,4034.1722158604935
diesel,India,1.0,Spring,1314.3818012784232,1270.7115525833926
diesel,India,9.0,Autumn,834.5831063946212,862.7389586919614
roadTransport,USA,16.0,Winter,9325.57166950587,10731.356963182267
diesel,India,12.0,Spring,1915.0142198891235,2108.4208658698185
electricity,USA,15.0,Autumn,720.0196219447333,821.8977112232027
electricity,Europe,14.0,Winter,7349.582435176244,7632.35005205921
electricity,USA,5.0,Summer,4313.103446110061,3832.0914811238617
diesel,Europe,13.0,Summer,2521.286078729843,2744.411333549269
roadTransport,Asia-Pacific,20.0,Summer,2447.5873866646302,2640.4846858586693
electricity,Asia-Pacific,19.0,Winter,4414.242051338011,5679.7077949277245
electricity,Asia-Pacific,14.0,Spring,5736.710084932123,6965.903193868189
diesel,India,15.0,Summer,2348.0435013863384,2646.6693642899527
roadTransport,Europe,7.0,Spring,1094.6209504662572,1026.3834709328103
rawMaterial,USA,13.0,Autumn,29451.39525246636,30317.389112055906
roadTransport,Asia-Pacific,18.0,Spring,3261.258118170894,3913.9052414907515
rawMaterial,Europe,4.0,Spring,26409.918261632687,24931.922423227043
diesel,USA,24.0,Summer,2067.0224422067095,2688.778075880869
roadTransport,India,9.0,Autumn,2751.84845075711,2886.9340696502686
diesel,USA,1.0,Spring,314.23499608445013,288.37465241228676
diesel,Europe,11.0,Summer,1847.029482537415,2116.527846244488
rawMaterial,India,16.0,Spring,13078.812729008076,15168.402780546257
electricity,Asia-Pacific,8.0,Spring,1707.0626315157222,1634.9260945003778
diesel,Asia-Pacific,12.0,Winter,2463.1697826920517,3341.3481205516264
electricity,Asia-Pacific,9.0,Autumn,6322.429520142898,6600.978922105275
rawMaterial,Europe,18.0,Spring,7322.536115248973,8641.165352808268
rawMaterial,Europe,1.0,Spring,17753.42236156148,17038.694652446997
roadTransport,India,12.0,Autumn,4515.390514197594,5329.531210167946
roadTransport,India,17.0,Summer,2325.252091111995,2691.4259069368313
diesel,India,15.0,Spring,1805.6086403095148,2115.8407520414535
electricity,Europe,3.0,Autumn,4660.758900105665,4431.356434229374
electricity,India,23.0,Winter,963.381512732028,1368.3294318777957
diesel,USA,24.0,Winter,1596.8862749670855,2575.285560352642
electricity,Asia-Pacific,21.0,Autumn,3933.937054219182,5396.509097168901
electricity,Asia-Pacific,20.0,Spring,4655.41194639914,5543.6147895318445
diesel,USA,8.0,Winter,1065.5796142809381,1263.2837874327329
diesel,India,11.0,Winter,1734.756802342742,2383.0466182696537
roadTransport,Europe,13.0,Spring,1114.2643104801348,1252.159799143297
rawMaterial,USA,0.0,Summer,29083.71721857546,27497.35082170165
rawMaterial,USA,8.0,Autumn,23160.016883601787,24079.81826496436
electricity,USA,3.0,Winter,5322.648947918196,4864.277495098353
roadTransport,India,9.0,Spring,6079.779889498212,5492.080984584266
electricity,India,8.0,Summer,5271.843542155648,6384.64634280501
diesel,India,17.0,Spring,1969.805166645982,2296.2248276609553
roadTransport,USA,9.0,Winter,270.69550829417466,257.08491951749556
rawMaterial,Europe,10.0,Winter,19447.44697158128,19797.66066499869
roadTransport,USA,9.0,Summer,115.89643780733842,114.48087327012196
diesel,Asia-Pacific,24.0,Spring,672.3039828652279,851.7596356142168
rawMaterial,Europe,0.0,Summer,28501.12002630396,28509.58225026585
rawMaterial,India,4.0,Summer,28847.737905337995,30086.298961392255
electricity,USA,0.0,Winter,2742.5061422162003,2703.4585278320533
roadTransport,USA,8.0,Spring,4887.341272819801,4765.459488578944
diesel,Asia-Pacific,18.0,Spring,558.0070553640495,647.2980190286734
electricity,Asia-Pacific,11.0,Winter,6536.8795083840705,7193.482860477691
rawMaterial,USA,13.0,Spring,14557.422603298592,16580.525919056145
rawMaterial,Europe,24.0,Autumn,22354.82050489191,26854.762889747763
diesel,Europe,5.0,Autumn,1616.3765446513848,1694.319434370778
diesel,Europe,16.0,Winter,2391.2719940651064,3311.0816887629526
electricity,Asia-Pacific,10.0,Summer,5317.845522020665,5027.45350791929
rawMaterial,Asia-Pacific,11.0,Summer,25843.87557932916,28322.845392362477
roadTransport,USA,10.0,Summer,3674.114482371385,3443.84714388193
electricity,Europe,7.0,Winter,7138.921162897374,7146.934749063612
electricity,Europe,7.0,Autumn,5783.473816567227,5827.986378635588
roadTransport,USA,17.0,Autumn,172.6710152560985,207.26800331289053
electricity,India,4.0,Autumn,6113.987617172212,7267.224136503756
diesel,Asia-Pacific,7.0,Winter,736.6903315238586,858.7150561878354
rawMaterial,India,16.0,Spring,12605.799178462876,15061.495827678986
electricity,Europe,0.0,Autumn,4210.742521225761,4127.5350905738405
diesel,India,15.0,Summer,1921.5022152879283,1889.1912333042249
electricity,USA,16.0,Summer,7179.191428112781,8480.469573282742
diesel,USA,23.0,Summer,1646.6712527018456,2105.8402386338203
electricity,Europe,5.0,Summer,6889.134877866649,7394.392440204673
diesel,USA,6.0,Summer,2514.237696527779,2612.4420854767427
rawMaterial,Europe,17.0,Winter,27474.438024681822,32576.83115340572
electricity,India,20.0,Summer,2765.662816967554,3725.141994981435
electricity,India,18.0,Summer,7674.971196453384,9878.296328519713
roadTransport,USA,9.0,Autumn,9418.66318115216,9725.855777802677
roadTransport,USA,8.0,Autumn,1782.5872360758603,1637.1873787962663
roadTransport,India,3.0,Summer,7544.464267205881,7869.418121511015
electricity,India,4.0,Summer,2344.15946632429,2729.658148523637
rawMaterial,Asia-Pacific,21.0,Autumn,21769.833135039928,24975.604393414706
roadTransport,Asia-Pacific,14.0,Summer,1614.025796943984,1901.2029981769456
roadTransport,Asia-Pacific,16.0,Summer,5066.1884836291,6156.309451887677
diesel,India,13.0,Autumn,2023.1891624858697,2346.43355415171
rawMaterial,India,2.0,Spring,18892.491007006254,19129.69246517806
electricity,India,20.0,Spring,6986.208128469595,9813.219045393524
roadTransport,USA,11.0,Autumn,6245.290780106002,6721.410094012075
diesel,Europe,4.0,Summer,870.1767515202685,895.9570564202223
roadTransport,India,16.0,Autumn,5270.878821552691,5906.628481868789
roadTransport,Asia-Pacific,10.0,Winter,142.00080450327556,131.11994831305444
electricity,Europe,1.0,Autumn,5597.728423766816,5028.719123586863
roadTransport,India,19.0,Summer,5106.573633257353,6718.641348751638
rawMaterial,USA,8.0,Summer,4908.623103306152,4651.872396956477
electricity,Europe,15.0,Winter,1634.6182529086734,1924.3068140051648
roadTransport,Europe,4.0,Winter,2515.8262839950585,2593.3421345532656
electricity,Asia-Pacific,21.0,Winter,7159.653782710033,8738.328530258173
rawMaterial,USA,15.0,Winter,3176.667980448295,3854.8109226607025
roadTransport,India,23.0,Summer,648.5127910872679,787.4493473901313
rawMaterial,USA,17.0,Autumn,18604.91535184963,23056.67763344771
rawMaterial,India,4.0,Autumn,7403.582074588834,7185.184661805666
electricity,USA,17.0,Winter,1397.7860151974608,1656.7661911455784
rawMaterial,Europe,2.0,Winter,5240.47108465418,5508.573840385187
diesel,India,20.0,Autumn,403.3579406145462,516.9598977635335
electricity,Europe,10.0,Spring,7812.67515193286,7823.0477883043395
diesel,India,18.0,Winter,2162.8095579231826,3146.329220007201
diesel,USA,6.0,Spring,1544.9617594581985,1501.3978653164322
electricity,India,21.0,Winter,4871.8978508520795,6867.939784851473
electricity,USA,24.0,Winter,1242.1355351894867,1490.139186675503
diesel,Asia-Pacific,10.0,Spring,910.7838026425148,903.9475982573126
roadTransport,India,6.0,Winter,2672.127893989617,2503.248587012263
rawMaterial,USA,2.0,Winter,13521.522683262685,13454.4556921451
electricity,Asia-Pacific,5.0,Spring,3975.986332965205,4050.836291144666
rawMaterial,India,8.0,Summer,21095.751035639605,21035.69094858394
diesel,Europe,22.0,Spring,1569.2746602799873,1882.3188429476097
diesel,India,14.0,Summer,267.102596922262,299.0902872563026
diesel,Europe,23.0,Summer,615.1574902866118,772.3374298701684
electricity,USA,16.0,Winter,4454.622332160954,5046.593238860653
rawMaterial,India,21.0,Autumn,21831.891040635535,25980.925025646717
roadTransport,Asia-Pacific,17.0,Winter,1861.376526767304,1845.9364591536976
rawMaterial,Asia-Pacific,9.0,Summer,15856.448219746402,15520.42199869431
diesel,India,2.0,Winter,1110.1055008070682,1339.5796297989805
roadTransport,Asia-Pacific,22.0,Summer,1132.1806537526338,1388.3931677754088
roadTransport,India,14.0,Spring,2906.6455258110946,3475.6098477506252
rawMaterial,Asia-Pacific,17.0,Summer,3828.258624801826,4140.190426880302
roadTransport,USA,10.0,Autumn,6625.385753937387,6445.941950309247
diesel,Europe,17.0,Summer,203.94005215805944,242.6765824825966
diesel,Europe,2.0,Spring,579.2545015521202,551.0812779536441
roadTransport,USA,10.0,Winter,548.6116338954505,562.7163087829995
roadTransport,Europe,15.0,Autumn,2315.496657046063,2523.484066285449
electricity,India,13.0,Winter,3915.9998875387564,4804.733509659378
electricity,Europe,4.0,Autumn,5469.939647522516,5366.2911097808055
electricity,Asia-Pacific,10.0,Spring,1652.8162626028197,1498.3468842386837
diesel,USA,2.0,Summer,2380.6137886858855,2161.0012136683135
roadTransport,Europe,16.0,Spring,1102.2040389689535,1328.777824769476
diesel,Asia-Pacific,16.0,Summer,173.961775648128,194.57338539341492
roadTransport,USA,4.0,Winter,398.01677555782817,393.1581864441083
rawMaterial,Europe,10.0,Autumn,19054.025910240918,19105.034138390838
diesel,Europe,9.0,Winter,792.286793228066,996.931757381969
diesel,USA,23.0,Summer,1869.8258773694056,2338.346827256274
rawMaterial,Europe,4.0,Winter,3620.801451725209,3743.07423946674
diesel,USA,6.0,Winter,1574.3791983765152,1778.451755505097
roadTransport,USA,13.0,Autumn,2587.6137160977282,2670.3953303663393
diesel,USA,15.0,Winter,1415.0941593127236,1893.4422501564363
rawMaterial,Europe,9.0,Autumn,28692.813588569446,28689.368226889183
roadTransport,Asia-Pacific,10.0,Winter,2541.814162671152,2399.89526477858
diesel,USA,8.0,Autumn,2061.135747693377,2128.217694138575
diesel,India,12.0,Winter,2164.2327303354773,2792.7176322499367
roadTransport,Europe,14.0,Autumn,329.85168685846094,380.516124991556
roadTransport,Asia-Pacific,18.0,Autumn,5973.630939365143,6886.843124547803
diesel,Europe,21.0,Summer,532.7362267166866,662.1246150732003
electricity,USA,15.0,Autumn,4311.828759879977,5202.239856480542
diesel,USA,14.0,Spring,301.08402050072357,319.20806479851103
electricity,USA,11.0,Summer,5494.752084224576,5873.5751309368015
roadTransport,USA,7.0,Winter,6032.661586311476,5630.0988792619155
electricity,Europe,0.0,Winter,3872.195060260975,3707.1345671491267
electricity,Asia-Pacific,2.0,Autumn,7922.92667883457,7951.798430933035
roadTransport,India,19.0,Summer,3245.366733796495,4096.004175684043
diesel,USA,10.0,Summer,1924.34665203839,2023.5883531021298
roadTransport,Europe,16.0,Autumn,1482.884701805194,1691.6908956420111
diesel,Asia-Pacific,11.0,Autumn,2294.5522811342935,2547.291924297027
electricity,Europe,19.0,Summer,6084.411176062623,6838.402988769288
electricity,India,20.0,Spring,2860.454735724175,3612.224164987651
electricity,USA,23.0,Summer,5923.397487246051,7051.543889573781
roadTransport,USA,9.0,Winter,3305.6067657733797,3270.454419450959
roadTransport,Asia-Pacific,24.0,Summer,3467.448843108668,3986.2737883859463
electricity,USA,6.0,Summer,1389.249011729381,1339.8153935004611
electricity,Asia-Pacific,3.0,Summer,7423.432346285284,7152.913897858962
rawMaterial,Europe,10.0,Summer,23884.634877860208,24248.013792128484
rawMaterial,Asia-Pacific,21.0,Autumn,12562.542086481733,14387.172647778532
rawMaterial,Europe,11.0,Autumn,882.4082193147633,1024.2277061553636
roadTransport,Europe,9.0,Autumn,3045.4919628207053,2890.9886165618495
electricity,Asia-Pacific,16.0,Winter,4629.040028600213,5192.904766398556
roadTransport,India,14.0,Summer,1339.1931022940826,1564.165175329968
electricity,Europe,15.0,Winter,5687.4395295293925,6863.872931561038
electricity,India,20.0,Autumn,4939.526254363982,7016.135904810479
roadTransport,Europe,5.0,Autumn,7198.342775554453,7688.6945820226765
roadTransport,India,17.0,Autumn,4088.116303141391,4977.1434412461285
electricity,USA,15.0,Winter,4783.604964099039,5880.359326265201
roadTransport,Asia-Pacific,22.0,Winter,6034.8605404835735,7881.290410672234
diesel,Asia-Pacific,16.0,Winter,1815.215024488969,2497.330041089431
rawMaterial,Asia-Pacific,5.0,Winter,12551.018069047337,13204.771876644012
roadTransport,Asia-Pacific,11.0,Winter,487.7184001619164,518.5508895902618
roadTransport,USA,11.0,Winter,8167.522160579502,8769.714618491207
rawMaterial,Europe,2.0,Winter,10313.754959347474,10748.32812832863
rawMaterial,USA,4.0,Spring,27984.107802028084,26903.340583210942
diesel,Asia-Pacific,10.0,Summer,775.9585115659504,810.4708660516734
electricity,Asia-Pacific,5.0,Spring,4789.107632316886,4551.187275690815
roadTransport,India,21.0,Winter,277.75532365160984,338.3680448341241
roadTransport,Asia-Pacific,13.0,Autumn,4749.302948547851,5362.148996376626
roadTransport,Europe,11.0,Summer,11784.460554571753,13411.053976291041
electricity,USA,22.0,Summer,7472.829183256072,9322.921628365813
roadTransport,Europe,19.0,Summer,1523.3629638527862,1703.1986054349181
rawMaterial,USA,9.0,Spring,14661.972807865444,15242.136446398155
roadTransport,Europe,16.0,Summer,7286.745001505984,8644.886635316274
diesel,Europe,5.0,Summer,2600.932435205745,2652.981756124341
electricity,India,7.0,Winter,4524.504449885303,5255.641936697
electricity,Asia-Pacific,2.0,Autumn,4168.620941510494,4160.305713332692
diesel,Asia-Pacific,10.0,Winter,1214.4511783325538,1355.0185902446096
electricity,India,12.0,Winter,2738.6347092660158,3237.9754042607624
rawMaterial,India,19.0,Spring,11339.801441815187,13200.081707544576
electricity,Europe,9.0,Autumn,6489.870167981407,6401.04680259436
rawMaterial,Europe,3.0,Autumn,22893.294399891223,22876.959630328187
electricity,India,18.0,Autumn,5731.937637638182,7773.138916702599
roadTransport,India,12.0,Winter,2621.927433055621,3003.1577513525353
electricity,Europe,6.0,Summer,5296.777127309944,5448.131139733855
roadTransport,India,16.0,Spring,7705.859077404526,8923.074341360802
roadTransport,USA,12.0,Winter,3267.082990665743,3597.03020883185
diesel,Europe,6.0,Spring,2343.843070537426,2255.8868883002788
roadTransport,India,6.0,Autumn,6476.2282938657145,6494.746620902965
electricity,Asia-Pacific,6.0,Summer,8038.461040041181,8221.926755682029
electricity,Europe,18.0,Spring,2284.909583964647,2811.925407901908
electricity,India,19.0,Spring,2704.959963606152,3776.0855301978177
roadTransport,USA,13.0,Spring,2416.366787094,2762.488115297511
electricity,India,22.0,Summer,5679.717997805882,8152.5444852621995
rawMaterial,Asia-Pacific,19.0,Summer,3963.482457346864,4413.861052209862
diesel,Europe,19.0,Autumn,1285.6908359668116,1626.3965177330413
rawMaterial,Asia-Pacific,20.0,Spring,28770.596173284146,35675.74412109103
roadTransport,India,0.0,Autumn,11266.102985017162,11156.867671816224
diesel,USA,13.0,Summer,998.8574066490288,1073.4775985054348
electricity,Europe,13.0,Spring,2759.9488623066495,3275.6551441684537
roadTransport,Europe,16.0,Autumn,3258.7155402643366,3717.5917516546515
electricity,Europe,7.0,Spring,4565.810826121858,4449.3459378204925
electricity,Europe,10.0,Winter,4461.850464242695,4084.8217463726883
rawMaterial,USA,23.0,Winter,23195.67088167712,28278.43223868929
roadTransport,Europe,24.0,Autumn,311.0461333583176,391.3084195279935
rawMaterial,India,14.0,Spring,15094.122889245742,16771.087586230915
roadTransport,Asia-Pacific,5.0,Winter,2991.024084236785,3188.543856316128
rawMaterial,USA,5.0,Winter,20621.11534471022,20795.75046814962
diesel,USA,6.0,Autumn,1182.9971633709172,1206.5721713395085
diesel,India,23.0,Summer,994.5448964985355,1170.11179369506
rawMaterial,Europe,8.0,Autumn,12358.589691846319,11680.871100900962
roadTransport,Europe,2.0,Summer,795.2734836919374,823.6300774181803
electricity,Asia-Pacific,9.0,Winter,1886.6374115027663,1871.0348595340947
roadTransport,USA,19.0,Summer,2693.5848175569618,3355.928224344364
rawMaterial,USA,6.0,Autumn,9857.608911736988,9654.306072562438
diesel,Asia-Pacific,18.0,Spring,1016.7459661066299,1155.4472456114445
rawMaterial,India,20.0,Autumn,22468.7764341083,28568.266228014
diesel,India,0.0,Summer,1779.6455754668282,1706.8042347793025
rawMaterial,India,23.0,Autumn,24603.67995707484,33197.40417158103
electricity,Asia-Pacific,1.0,Summer,4519.84525869348,4810.786036649235
diesel,India,10.0,Spring,2334.7700053969365,2464.720769889809
diesel,USA,9.0,Autumn,1029.453196523126,973.1880429029565
roadTransport,Europe,9.0,Winter,2856.791153677893,3003.4723267378254
rawMaterial,USA,18.0,Winter,10964.893856632458,13326.458692642283
electricity,USA,1.0,Summer,2782.235643489276,2715.2587768187122
diesel,India,8.0,Spring,814.2027585490224,757.0747676475307
roadTransport,Asia-Pacific,7.0,Winter,2582.0828465282057,2394.88499050233
diesel,Europe,8.0,Autumn,525.9904056449188,517.6886662244852
rawMaterial,USA,6.0,Autumn,14137.27833061285,14796.417518530228
roadTransport,Europe,4.0,Summer,454.60453135561636,459.60705257010244
diesel,USA,0.0,Winter,2317.867515171231,2758.394077384185
roadTransport,India,23.0,Summer,1639.5246133687583,2015.742619079017
electricity,India,17.0,Spring,7331.674317605736,9134.60142237772
diesel,Europe,2.0,Spring,2328.254374108637,2306.998357202616
electricity,USA,9.0,Spring,5700.747539400963,5241.973900205308
diesel,Asia-Pacific,22.0,Spring,354.1208131279078,416.96455932577624
roadTransport,Asia-Pacific,8.0,Spring,2497.2012792262544,2406.7793357408505
electricity,Europe,5.0,Winter,912.4609101683163,909.8291172821498
diesel,India,13.0,Summer,1458.2138453230968,1527.3260455341526
rawMaterial,Asia-Pacific,3.0,Spring,18979.813897547014,19631.639665005507
diesel,Asia-Pacific,18.0,Winter,865.3580911570143,1174.5204557960421
diesel,USA,6.0,Summer,1037.8688675828841,1124.7831031872622
roadTransport,India,14.0,Spring,3427.6537780217304,3987.2304043944555
diesel,Europe,9.0,Spring,906.7209526906863,922.8164110168642
electricity,India,4.0,Spring,4050.9473431393385,4512.196600734855
electricity,USA,13.0,Spring,1271.1312655438421,1415.3619159767588
diesel,Asia-Pacific,16.0,Autumn,2016.7024687889527,2124.295462086591
roadTransport,USA,5.0,Spring,61.834433521090595,59.31555166029331
rawMaterial,Asia-Pacific,1.0,Spring,4373.773715583881,4468.1666694100595
roadTransport,Asia-Pacific,1.0,Summer,13216.146529680957,13704.92949823374
diesel,USA,1.0,Summer,1451.8082380269946,1507.1331448523151
roadTransport,India,7.0,Winter,5180.649399947944,5063.142208426259
roadTransport,Europe,10.0,Summer,2391.956086726817,2232.806674800536
electricity,USA,3.0,Summer,2176.449629550019,1939.4377763546677
rawMaterial,Europe,18.0,Spring,23177.112616498565,25419.443725636313
rawMaterial,Europe,6.0,Winter,2668.8231976184425,2775.997098036721
diesel,India,9.0,Autumn,1489.3891579569079,1425.5138084867954
diesel,USA,8.0,Winter,2573.0154333716755,2844.6361865501335
roadTransport,India,20.0,Spring,1772.533415188386,2107.474349608547
diesel,Asia-Pacific,7.0,Summer,1926.8309660716805,1751.2847068625888
electricity,India,8.0,Spring,995.2074701036267,1210.7894079046193
roadTransport,Europe,5.0,Summer,1477.2189887854377,1485.82839456932
roadTransport,USA,8.0,Autumn,11798.038440298558,11697.314669480917
diesel,Europe,7.0,Summer,143.30896868347708,126.06719329207382
rawMaterial,USA,24.0,Summer,7231.097761282229,8377.381595475419
roadTransport,USA,3.0,Spring,9690.498730716863,10074.896261426604
diesel,USA,11.0,Spring,2623.6155036555365,2824.563681311523
roadTransport,USA,19.0,Autumn,5020.284264603105,5784.987678679235
rawMaterial,USA,11.0,Autumn,25626.730442576863,28866.17944583459
rawMaterial,Asia-Pacific,12.0,Autumn,19560.135937197883,21604.454099042887
rawMaterial,Asia-Pacific,12.0,Spring,21462.53277837205,24499.369956970808
roadTransport,Asia-Pacific,18.0,Summer,479.7762019962545,591.6544602324136
electricity,USA,20.0,Winter,3391.460400365438,3907.1959237508527
electricity,India,15.0,Summer,775.8528505557282,1061.9205731300424
rawMaterial,India,23.0,Spring,4536.302079336361,5694.865940367906
rawMaterial,Asia-Pacific,16.0,Summer,14286.785886591968,16329.91959599233
rawMaterial,Asia-Pacific,11.0,Autumn,26248.83655237062,27538.61561498951
electricity,Europe,10.0,Summer,4374.65647406234,4767.052076896899
diesel,India,11.0,Summer,1768.812658374977,1893.5384457120222
diesel,USA,12.0,Spring,1815.5559105938419,1994.3344541613653
roadTransport,Europe,9.0,Winter,918.7985937621121,974.2937550169489
roadTransport,India,24.0,Autumn,902.2722076174114,993.1927639624704
roadTransport,USA,19.0,Summer,3917.490095051479,4587.862974607951
electricity,Europe,24.0,Spring,6679.647646739517,7447.70112530577
diesel,Asia-Pacific,19.0,Spring,2176.4088604960907,2761.96293380553
diesel,USA,17.0,Winter,1163.8342500945614,1511.8334513935174
diesel,Europe,16.0,Summer,2223.8592426505506,2673.056700360449
roadTransport,India,6.0,Spring,4072.5960766641515,3831.6997331769867
roadTransport,Europe,4.0,Autumn,1155.463423870567,1176.5090208525432
roadTransport,Europe,20.0,Autumn,707.5632797498265,800.7594505278303
roadTransport,Europe,19.0,Winter,2568.1162324978573,3179.2044829479814
electricity,Asia-Pacific,12.0,Autumn,1004.3961180160795,1100.8827452324829
rawMaterial,USA,0.0,Winter,674.1777625748325,699.7351103526838
electricity,Asia-Pacific,11.0,Autumn,7553.127071068386,7822.248732231835
diesel,Asia-Pacific,4.0,Winter,2331.1064623265606,2881.357762380739
roadTransport,Asia-Pacific,17.0,Spring,5412.204934459118,5842.201382872621
rawMaterial,Asia-Pacific,13.0,Spring,6521.960301377971,7758.491015836098
electricity,India,18.0,Autumn,4178.777824379984,5547.764666714825
diesel,USA,15.0,Summer,2177.5627976115516,2554.058407173217
diesel,India,14.0,Winter,1458.5068252564674,1929.7587199303564
rawMaterial,Asia-Pacific,23.0,Summer,13601.001312313021,15812.43166582179
diesel,Europe,2.0,Summer,1462.3582528636687,1346.2073512290235
rawMaterial,Asia-Pacific,3.0,Autumn,28718.320866463524,29643.34173031281
rawMaterial,Asia-Pacific,0.0,Autumn,16684.464606943005,16194.63909198784
electricity,Europe,19.0,Autumn,3781.255566506829,4992.072925564592
rawMaterial,India,10.0,Winter,18473.29665967486,18257.431559067703
roadTransport,USA,8.0,Spring,9124.983486758614,8969.929467014283
roadTransport,India,17.0,Summer,2884.721229650443,3225.8601988203814
diesel,Asia-Pacific,20.0,Winter,2675.503829759922,3718.156007338563
electricity,USA,15.0,Summer,7961.949044540281,8252.62793895817
rawMaterial,USA,22.0,Spring,3628.3701766762833,4233.471129519243
electricity,Asia-Pacific,3.0,Winter,2956.4985192031745,3027.6546383023942
roadTransport,USA,22.0,Spring,2117.7946891444494,2717.8823402227295
diesel,USA,0.0,Summer,313.39288534007585,314.85264335233626
electricity,India,17.0,Summer,7772.503875722668,10095.352304284977
diesel,USA,22.0,Autumn,1372.4823176632124,1525.4546198895296
diesel,Europe,12.0,Spring,1728.4561132905385,1857.3815503350925
roadTransport,Europe,20.0,Spring,3289.7402332591164,4020.0916548901737
rawMaterial,India,14.0,Autumn,22382.75444220465,25138.168201085813
electricity,Asia-Pacific,18.0,Winter,1219.8435383575145,1334.1945590008659
roadTransport,India,1.0,Summer,3317.4929844299777,2847.5650788186695
rawMaterial,India,19.0,Spring,21691.094392811014,27566.599630575027
diesel,USA,22.0,Winter,1250.4414105155777,1914.409923433916
roadTransport,USA,23.0,Summer,10499.124093990298,13816.249378026612
roadTransport,Europe,18.0,Spring,1604.7188342852517,1837.5009984294
rawMaterial,USA,16.0,Spring,28963.64998385613,37055.87752876939
electricity,India,3.0,Autumn,2186.90194385958,2535.4882664462098
electricity,India,5.0,Spring,5123.505064280023,6111.640742096444
roadTransport,Europe,17.0,Spring,1568.3281491323569,1851.4237744680743
electricity,India,14.0,Autumn,7673.738591559562,10564.911855925295
diesel,Europe,14.0,Winter,479.0259600856798,609.5777153453207
electricity,Europe,4.0,Summer,2379.046049019568,2384.73498092341
roadTransport,Europe,19.0,Autumn,5406.882610058319,6261.896497444836
rawMaterial,USA,8.0,Summer,18272.96558292627,17580.940259000923
roadTransport,India,16.0,Spring,12049.538600513528,13697.985375299993
diesel,Asia-Pacific,8.0,Winter,1525.1101295210804,1761.9443805430788
electricity,USA,17.0,Winter,4784.742171932214,5767.777593005321
rawMaterial,Asia-Pacific,2.0,Spring,20707.9363149929,20359.38335133428
diesel,USA,14.0,Spring,2598.8137538899728,3202.0287324062188
electricity,USA,6.0,Summer,7130.984356407366,7425.504275987523
diesel,India,3.0,Winter,2306.7455375850536,2737.965919683035
diesel,Europe,16.0,Summer,262.5920207389903,310.45944029398754
roadTransport,USA,20.0,Winter,1871.8789906190286,2309.9910016126223
electricity,USA,21.0,Winter,1030.5040961630941,1182.4612414807427
roadTransport,USA,13.0,Winter,5760.259333166092,6577.243693942864
electricity,Asia-Pacific,0.0,Spring,8142.336227751133,7913.961618907965
electricity,USA,12.0,Spring,1504.4872863070798,1580.0703546741127
diesel,India,15.0,Spring,855.8093064298117,1009.892918789677
roadTransport,Asia-Pacific,11.0,Spring,1264.6393156740844,1402.4936370212135
rawMaterial,USA,2.0,Summer,5172.819965732407,4920.282882418897
rawMaterial,Europe,17.0,Spring,19074.661444237972,22098.883430828024
rawMaterial,India,16.0,Spring,1763.332937814035,1938.8696422258963
rawMaterial,USA,10.0,Autumn,9192.769412303975,9206.296844451945
rawMaterial,Europe,19.0,Autumn,2509.778768542979,3063.7881986132415
electricity,Asia-Pacific,15.0,Summer,5511.726489321822,6537.017815954752
diesel,Asia-Pacific,24.0,Spring,1159.2008962146786,1431.666054409825
roadTransport,USA,21.0,Autumn,2421.879918506771,2975.6054627045182
rawMaterial,Asia-Pacific,12.0,Spring,2216.091932651637,2320.338433452935
electricity,USA,9.0,Spring,6514.118540047063,6934.136925402013
roadTransport,Europe,12.0,Spring,340.0057471021968,381.48279526893094
diesel,USA,10.0,Spring,2113.0885808532644,2325.4060065591784
roadTransport,Asia-Pacific,15.0,Winter,1685.4232488625323,2013.969547004361
roadTransport,USA,12.0,Spring,7288.62003738631,7846.17643615252
rawMaterial,Asia-Pacific,4.0,Autumn,6214.381804024436,5935.872568635489
rawMaterial,USA,8.0,Spring,17332.64263465327,18288.726430887065
roadTransport,USA,12.0,Summer,241.98745068391105,290.56613485534695
roadTransport,USA,12.0,Winter,1126.3972050224227,1182.7283979366698
diesel,India,1.0,Autumn,1884.2142479554482,1859.2260303131175
roadTransport,Europe,13.0,Spring,4400.6643521505675,5435.529165065864
electricity,Asia-Pacific,13.0,Summer,4589.944100322951,4941.237431062602
rawMaterial,India,15.0,Autumn,5287.829191366102,6176.3659797672835
electricity,India,16.0,Summer,5789.893283491897,7837.3458276237225
roadTransport,USA,4.0,Summer,4465.2520193014,3998.218713619808
electricity,India,3.0,Autumn,3889.7051423909397,4461.107535690401
rawMaterial,India,18.0,Spring,14618.739515896741,15638.259466941137
electricity,India,9.0,Winter,5210.618976046629,6116.692578193195
roadTransport,India,20.0,Winter,1336.0581295270958,1741.3444926264117
diesel,Europe,23.0,Summer,1923.8169347698024,2389.9149434793485
electricity,Europe,20.0,Winter,3772.6330681800723,4613.41256180293
roadTransport,India,24.0,Autumn,704.0135600600919,888.3779514934661
diesel,USA,16.0,Winter,475.67937742688775,602.9341210586239
roadTransport,Europe,8.0,Spring,2534.550594043582,2690.146653472392
roadTransport,Europe,8.0,Spring,4555.705626884919,4347.833670533838
roadTransport,Asia-Pacific,0.0,Autumn,4771.422688921417,4769.943144360744
diesel,India,13.0,Summer,1689.5028855545206,2011.2865586803987
rawMaterial,Europe,5.0,Autumn,20774.206313267907,20947.443920030022
electricity,India,5.0,Spring,2812.9751660191264,3243.821855699491
electricity,India,9.0,Winter,1501.8887260514693,1699.5493955629065
electricity,Europe,2.0,Spring,1150.7795156665827,1152.3077568971207
roadTransport,Europe,12.0,Spring,4314.625064145948,4819.692302997184
electricity,Asia-Pacific,6.0,Autumn,1261.8824852228402,1157.6321086063226
diesel,Asia-Pacific,23.0,Summer,1670.7294153777916,1948.1202396690742
electricity,India,7.0,Spring,3563.8585401253445,4197.610184555863
electricity,India,1.0,Summer,2164.6188391915684,2490.1229410742435
electricity,Asia-Pacific,21.0,Autumn,7294.283098996503,8247.494858968566
rawMaterial,India,22.0,Spring,28389.91455936975,35080.14588914238
diesel,Europe,19.0,Summer,1532.437584065135,1896.459785416273
rawMaterial,Europe,8.0,Summer,19606.67363084614,20291.896288240307
rawMaterial,Asia-Pacific,13.0,Summer,23410.956303199415,25187.70275313695
electricity,India,6.0,Summer,2530.753826122088,3048.1388041054092
electricity,Europe,14.0,Spring,1567.852749351724,1739.6123227295536
electricity,Europe,19.0,Winter,6850.323518605922,6902.829990032474
electricity,India,24.0,Spring,7225.449457517844,9824.905366840494
electricity,USA,5.0,Spring,3985.374103729067,4272.385158447077
electricity,USA,19.0,Winter,5893.666636198875,6970.282653582862
rawMaterial,Asia-Pacific,16.0,Winter,18820.319239189994,22489.333992074553
electricity,India,12.0,Spring,2225.4176541989364,3003.959437735658
diesel,Europe,6.0,Spring,1968.6890760298186,1997.0298140348746
roadTransport,India,10.0,Winter,1321.0084487914824,1366.3096474440533
diesel,India,15.0,Summer,155.2710768222648,159.33304458639054
diesel,Asia-Pacific,10.0,Autumn,2467.773339458711,2592.821060820142
electricity,USA,8.0,Spring,1346.040625550495,1427.6354625414026
electricity,Asia-Pacific,12.0,Spring,3661.922131553443,4135.289306527776
electricity,Asia-Pacific,8.0,Summer,6953.586159070315,7560.687696725043
roadTransport,Asia-Pacific,16.0,Summer,1875.3032169987507,2066.7683130977625
electricity,Europe,14.0,Spring,2904.2112942675367,3396.681894283206
electricity,Europe,15.0,Winter,7272.0662912051985,8538.93554095768
electricity,Europe,24.0,Winter,6958.302221403165,9170.068967443442
diesel,Europe,19.0,Winter,1759.7323299652717,2368.8388377515075
roadTransport,Europe,24.0,Spring,3890.3383933949162,4889.876667183358
electricity,India,17.0,Summer,1287.7267724850142,1654.9343679441063
rawMaterial,USA,2.0,Summer,24812.916239150778,24922.60468527174
roadTransport,Europe,17.0,Autumn,914.2456941804438,1067.3393594927902
rawMaterial,India,22.0,Summer,8184.46358863095,9778.00446648836
electricity,USA,16.0,Winter,4418.508995726165,4967.617172085639
diesel,Asia-Pacific,17.0,Winter,509.4153615916931,662.1760061027777
diesel,Europe,7.0,Spring,2049.633907757776,2134.458826702939
electricity,Europe,8.0,Spring,5413.346893720425,5675.685963257831
roadTransport,Europe,4.0,Winter,1537.225301883224,1530.3223014627692
electricity,USA,15.0,Summer,3644.12433964597,4197.619850100847
electricity,India,12.0,Winter,2920.4084678537856,3847.8932592993547
electricity,India,12.0,Spring,2489.1454542894326,3164.652893170306
rawMaterial,Europe,6.0,Autumn,17347.174366614567,18770.53763497949
diesel,Europe,10.0,Summer,565.283488061999,576.0312067990316
rawMaterial,USA,0.0,Winter,17054.860166697563,16505.378955526638
roadTransport,Asia-Pacific,14.0,Autumn,987.5804688169029,1149.9594426744825
electricity,USA,3.0,Winter,2471.619643940352,2402.4753100988914
diesel,Europe,13.0,Autumn,1903.0310169694087,2182.197631221967
roadTransport,Asia-Pacific,14.0,Autumn,186.81271445915905,205.7163762720079
diesel,USA,15.0,Summer,274.9205633492704,286.4685212058924
roadTransport,Europe,1.0,Summer,6039.046647404395,6264.110056496866
rawMaterial,Asia-Pacific,15.0,Summer,26697.194381193724,30845.34039878153
rawMaterial,USA,22.0,Winter,12864.394073745976,15751.18143797255
rawMaterial,USA,10.0,Winter,612.8247657049551,635.4452686054346
diesel,USA,5.0,Winter,1569.605463196438,2050.1976671962593
rawMaterial,USA,15.0,Winter,20081.05327702512,23241.26037797856
rawMaterial,USA,23.0,Autumn,29203.285039861756,34229.15039176192
rawMaterial,Asia-Pacific,1.0,Spring,27228.232971274632,24383.46770989957
rawMaterial,India,8.0,Winter,24161.902175664283,24221.89658204864
diesel,India,21.0,Summer,2581.679768985899,3279.508928775412
diesel,USA,19.0,Summer,171.00390838721228,204.96859975208068
roadTransport,Asia-Pacific,24.0,Spring,7588.388509461487,9039.510232013665
diesel,Europe,24.0,Autumn,1783.888599564374,2169.2768483223754
diesel,India,15.0,Spring,2485.850012204887,2562.0152687133304
roadTransport,Europe,18.0,Summer,6806.696804556026,8323.232893764456
diesel,Asia-Pacific,24.0,Winter,1759.506609880358,2520.380949634727
roadTransport,Asia-Pacific,13.0,Autumn,4954.641527106088,6166.340639852398
roadTransport,Europe,0.0,Spring,4127.952272774203,4128.64906593567
rawMaterial,India,5.0,Autumn,25331.840244952058,24084.452645202848
electricity,Asia-Pacific,23.0,Autumn,3945.6365497683414,4991.078594646439
diesel,India,11.0,Autumn,1104.6114597648361,1300.951240912673
diesel,India,16.0,Autumn,1700.0224176439901,1974.282285926186
diesel,India,23.0,Spring,1056.9497759461267,1416.5835052642751
roadTransport,India,10.0,Autumn,8540.73047797869,9074.08758644272
diesel,Europe,9.0,Autumn,1551.4404555549686,1531.2637823924795
rawMaterial,India,19.0,Winter,12543.295315590729,13955.668399699782
rawMaterial,USA,20.0,Summer,5166.055662668526,6893.074216787331
diesel,Asia-Pacific,13.0,Spring,1180.7851817379933,1271.6455277136342
roadTransport,USA,2.0,Spring,1453.3888531640916,1420.262860244245
diesel,Asia-Pacific,6.0,Summer,2457.956683194094,2528.6131694004835
electricity,USA,8.0,Summer,2358.142432839607,2363.5567859285056
electricity,USA,15.0,Summer,3587.4055334344985,4384.68931880199
rawMaterial,India,10.0,Autumn,12425.439782512629,11257.493314522402
rawMaterial,Asia-Pacific,9.0,Winter,13022.90002947974,13960.333289658041
rawMaterial,Europe,6.0,Spring,17927.45459162818,18579.52214724712
rawMaterial,Europe,1.0,Spring,25778.262051160247,26818.727341701768
electricity,USA,19.0,Winter,2157.089928104442,2392.2793110324874
diesel,Europe,16.0,Summer,1439.0386173753718,1518.717986793177
roadTransport,Europe,21.0,Spring,4279.228882989231,5170.668285004229
diesel,Asia-Pacific,8.0,Spring,834.7511257006379,863.1300955911038
roadTransport,Asia-Pacific,21.0,Spring,6227.8273807564865,7517.511396334336
electricity,Asia-Pacific,9.0,Autumn,2938.2765148039143,2972.152243750986
roadTransport,Europe,12.0,Autumn,632.8562857869362,669.2374700316486
roadTransport,Europe,14.0,Winter,7771.909388709281,8406.544232085862
roadTransport,Europe,0.0,Autumn,6038.013561590282,5947.160154470586
electricity,Europe,19.0,Spring,1251.9236756611647,1603.064269329294
roadTransport,Asia-Pacific,21.0,Autumn,1294.2657421259808,1617.659684590338
roadTransport,India,7.0,Autumn,2156.856620409113,2108.722905459615
electricity,Europe,23.0,Spring,700.9793748329729,819.8159321217819
electricity,India,5.0,Spring,7334.083166443163,8375.359437396868
rawMaterial,Europe,9.0,Winter,19318.542832474435,18879.074658552967
rawMaterial,Asia-Pacific,11.0,Spring,21661.646429315304,23596.752685569987
roadTransport,Europe,1.0,Spring,1466.1842923179036,1422.1704887069027
roadTransport,USA,15.0,Autumn,7949.26072852577,9205.483094232828
diesel,Europe,6.0,Summer,1627.125918506235,1679.5256435745857
electricity,Europe,18.0,Summer,2429.2874500837747,2888.616090101129
roadTransport,Europe,10.0,Summer,4932.764937929966,4863.190931782653
electricity,Europe,4.0,Summer,2053.7421284016277,2048.377847739873
roadTransport,Europe,19.0,Winter,2464.213660243409,2859.351526415081
rawMaterial,India,8.0,Autumn,20447.310333876245,21300.837051130235
electricity,Asia-Pacific,1.0,Autumn,4771.273410468578,4797.97869120439
roadTransport,Asia-Pacific,24.0,Autumn,7454.310666329428,9430.605933909605
diesel,USA,16.0,Autumn,2482.869342890167,2599.698615861771
rawMaterial,Asia-Pacific,1.0,Spring,20639.369389009124,21649.106993144684
roadTransport,USA,13.0,Spring,4210.020956531844,4921.601339093191
roadTransport,Asia-Pacific,5.0,Summer,4233.229969961163,4003.1030506349307
electricity,USA,22.0,Summer,6967.689843334498,8335.723121976815
rawMaterial,Europe,1.0,Summer,24475.944333661617,26074.311861546856
electricity,India,6.0,Winter,6689.493666614222,8199.956795231514
diesel,India,24.0,Spring,2156.5022370864126,2492.470524082844
diesel,Europe,23.0,Summer,2311.108588405483,2862.4241528745483
electricity,India,17.0,Winter,7326.424334439955,9649.061218307854
roadTransport,Asia-Pacific,4.0,Spring,795.1435907595611,789.4320930370999
rawMaterial,Europe,12.0,Winter,22960.57964113077,25503.589852308967
roadTransport,USA,3.0,Winter,3288.1681603319116,2960.68514610011
electricity,India,8.0,Winter,486.7067668435653,523.7979064282773
roadTransport,India,16.0,Winter,878.8560845304659,1039.6602649136878
diesel,India,22.0,Autumn,853.2417579769758,1005.5442690337298
diesel,USA,14.0,Winter,1490.703402737919,2120.993297521681
diesel,Asia-Pacific,15.0,Spring,1274.4645079688125,1420.4447893973415
roadTransport,India,5.0,Autumn,884.7540478925956,877.1595998812724
diesel,India,10.0,Summer,949.194114602725,1001.3278835691495
roadTransport,Asia-Pacific,0.0,Summer,3003.690352927008,2914.6679501331573
roadTransport,Asia-Pacific,6.0,Winter,6155.138380806252,6576.558824900242
rawMaterial,USA,20.0,Summer,20386.79200585163,24823.835063611372
diesel,India,21.0,Summer,976.7673966740024,1159.1695757594014
diesel,Europe,18.0,Spring,571.1736319270101,612.1951573168823
electricity,India,6.0,Autumn,5511.991204579434,6421.343669686756
electricity,Europe,12.0,Winter,2453.355415484784,3116.5973707587173
diesel,India,4.0,Summer,2146.8751483037972,2233.519757000041
diesel,India,3.0,Autumn,1701.6385320714098,1631.2479738563345
rawMaterial,USA,9.0,Spring,12234.258044010312,13242.461732153253
diesel,USA,16.0,Summer,1938.3014148513105,2209.661344183581
roadTransport,Europe,24.0,Autumn,2475.3358057977002,2964.5400485294026
rawMaterial,Asia-Pacific,15.0,Autumn,3642.8496291157353,4188.416437992486
diesel,Asia-Pacific,10.0,Summer,1859.9204624910396,2034.7984822455046
roadTransport,India,1.0,Autumn,5167.415334902247,5563.498741074853
diesel,Asia-Pacific,22.0,Autumn,1812.705871690691,2345.599684650951
electricity,USA,7.0,Spring,1952.6610742562198,1913.4121359564235
roadTransport,Europe,20.0,Spring,4908.456788490638,6102.554705670954
rawMaterial,Europe,9.0,Spring,1160.2713302504035,1184.0892202928082
diesel,USA,16.0,Summer,1026.9771617373704,1145.5883125949215
rawMaterial,Asia-Pacific,23.0,Spring,16982.32632789718,22360.025714377964
electricity,Asia-Pacific,24.0,Spring,2789.171153648033,3374.2819465155308
diesel,Asia-Pacific,6.0,Winter,2070.893199153175,2489.7406502232766
electricity,Asia-Pacific,15.0,Winter,5774.5449571395975,6536.237911250446
roadTransport,Asia-Pacific,9.0,Spring,10601.209082878151,10336.853993767509
roadTransport,India,2.0,Summer,8067.610570098254,7797.377626488307
roadTransport,USA,5.0,Autumn,118.81436771236528,106.86976046734898
rawMaterial,USA,20.0,Winter,20906.164232461957,25471.40474213637
electricity,USA,21.0,Winter,1599.2071017727053,2031.5280609232575
rawMaterial,USA,21.0,Spring,20373.94128466176,26109.29433352802
roadTransport,India,4.0,Spring,352.5475133329033,363.1670449449046
diesel,USA,19.0,Summer,763.3842327973923,934.6933113108503
rawMaterial,USA,7.0,Winter,5812.958625268655,5702.370260471757
electricity,Asia-Pacific,11.0,Summer,581.2750066863309,618.8647514786924
rawMaterial,Europe,9.0,Autumn,19587.305637261412,20865.771452405334
roadTransport,Asia-Pacific,13.0,Summer,1251.5545528551982,1302.5653431515248
electricity,India,15.0,Winter,1684.0209003600446,2059.8199569365615
rawMaterial,India,15.0,Autumn,21489.925734418033,25208.998399997432
diesel,USA,10.0,Autumn,458.78851337346765,465.31459497913085
rawMaterial,Europe,9.0,Spring,13222.365033929702,13662.662950592156
rawMaterial,Asia-Pacific,4.0,Winter,15648.468399114548,15914.693698086116
electricity,Asia-Pacific,1.0,Summer,2028.5332033354834,2063.6915103520887
electricity,Europe,8.0,Summer,4411.7531131997075,4302.196736823221
electricity,Asia-Pacific,5.0,Summer,8146.67046696735,8006.660290111843
rawMaterial,Europe,2.0,Autumn,18411.88398959454,18246.216893756937
electricity,Europe,11.0,Summer,871.3495490395723,998.7444454554618
rawMaterial,Europe,23.0,Spring,6547.592977983736,7765.536358494922
roadTransport,India,23.0,Winter,11036.245234555381,13508.996362113498
roadTransport,Europe,5.0,Summer,1049.7412462072473,945.1204093460814
rawMaterial,Asia-Pacific,10.0,Winter,10284.628470646761,10953.466701384918
electricity,India,10.0,Summer,1684.6309616377212,1987.7329210289015
rawMaterial,India,16.0,Summer,6294.346889353892,7275.266430380531
diesel,Europe,8.0,Autumn,1485.5671012984594,1464.181911495515
rawMaterial,Asia-Pacific,4.0,Summer,15539.964875356385,15730.359487184667
diesel,Asia-Pacific,8.0,Summer,2144.9953251564816,2050.6142458160625
electricity,India,24.0,Winter,6202.209860474524,8737.103106830731
roadTransport,USA,1.0,Summer,696.3491883459658,634.8828776787475
diesel,India,23.0,Spring,1821.7593184692646,2435.81590884844
rawMaterial,India,21.0,Summer,28792.495081994275,36526.935315904506
roadTransport,USA,12.0,Autumn,1451.2809234691013,1487.2583855207997
rawMaterial,Europe,15.0,Spring,20945.657069908022,22610.72552113491
rawMaterial,Asia-Pacific,4.0,Autumn,15017.135758656992,16666.502359723854
diesel,Europe,13.0,Spring,1291.113038104338,1463.4096392537551
diesel,Europe,3.0,Spring,2630.73036701007,2417.316926240065
roadTransport,Europe,19.0,Autumn,4389.236793332225,5357.063913891498
rawMaterial,India,13.0,Winter,18814.798411155247,20520.51990871761
diesel,Europe,3.0,Summer,817.1931085852779,816.3403976874931
rawMaterial,USA,2.0,Spring,10240.589097514054,9347.743007967465
roadTransport,Europe,14.0,Winter,961.5618064110101,1099.6174440138996
diesel,India,13.0,Winter,799.342096065536,1028.4178775141397
diesel,Asia-Pacific,13.0,Winter,750.0317784272669,1024.5435114561772
electricity,Europe,22.0,Autumn,7561.3018736349895,9085.268041342872
rawMaterial,Asia-Pacific,24.0,Autumn,6309.104237802645,7663.613172019966
electricity,Europe,7.0,Spring,2516.2854030700128,2575.8182617023244
roadTransport,USA,20.0,Autumn,1741.9083006338185,1894.432918962344
diesel,Europe,11.0,Spring,851.811307534117,954.2289419748374
rawMaterial,Asia-Pacific,7.0,Spring,21441.566118366874,21716.66299635062
diesel,India,14.0,Autumn,1131.8822692013616,1420.2381491942242
electricity,India,8.0,Winter,3678.011795739257,4215.581572069613
electricity,Europe,4.0,Winter,550.5153150411803,549.78856542374
diesel,Asia-Pacific,19.0,Winter,2168.8601878420045,2953.6536632367374
diesel,Asia-Pacific,20.0,Winter,488.6493712304788,708.0766656236241
electricity,India,11.0,Autumn,4726.6626992794545,6160.818990872756
diesel,India,5.0,Autumn,135.04459691213924,136.22950653463127
electricity,Asia-Pacific,23.0,Summer,2653.006592986176,3348.1537583878385
rawMaterial,Europe,6.0,Summer,9821.451001417923,9291.322050819439
rawMaterial,India,20.0,Spring,27282.588784083666,34688.86877967025
roadTransport,Asia-Pacific,22.0,Summer,1106.2168256381858,1339.67496527546
diesel,USA,7.0,Winter,1264.711711176585,1569.6079979993367
rawMaterial,India,14.0,Autumn,1111.3054040473996,1334.6611938242384
electricity,Europe,4.0,Spring,4627.002631242871,4434.863501772384
rawMaterial,India,1.0,Winter,25976.31034485663,25454.080685769593
rawMaterial,Asia-Pacific,5.0,Spring,23841.18997308099,22572.846275946747
diesel,Asia-Pacific,14.0,Winter,1085.3136545656178,1575.1084266924483
rawMaterial,India,15.0,Winter,27030.636022260725,31480.504430928257
electricity,Europe,9.0,Summer,5703.708806901207,5503.579798049798
roadTransport,USA,3.0,Autumn,9097.9436925841,9467.186271858815
roadTransport,Europe,20.0,Autumn,11663.623052007393,14228.629961893204
roadTransport,Europe,15.0,Spring,1376.0769570026416,1532.0135870766244
diesel,India,10.0,Summer,971.1293944567431,928.5633751570416
rawMaterial,India,19.0,Spring,6828.900898135736,7930.9043698938485
rawMaterial,Asia-Pacific,16.0,Autumn,23852.19146994552,26455.58294706032
roadTransport,Europe,8.0,Summer,6295.964942265649,6037.936146748083
diesel,Asia-Pacific,12.0,Winter,2018.8369765287005,2606.308632649041
roadTransport,Europe,0.0,Spring,2750.46267738124,2619.575794771603
roadTransport,USA,9.0,Autumn,6337.262688472577,6911.2592684610945
diesel,Europe,8.0,Autumn,1376.5453190213352,1349.7371373208637
roadTransport,India,0.0,Spring,7373.381486724061,6993.139081178872
diesel,Asia-Pacific,11.0,Summer,2066.4854103383627,2548.5659444663693
electricity,India,10.0,Winter,4946.564574948294,5738.914266091214
roadTransport,Europe,19.0,Summer,9493.806321398297,10586.856350096516
rawMaterial,Europe,14.0,Summer,7530.848732988376,8237.939444331168
electricity,India,12.0,Summer,2662.814653814125,3472.6742274566736
diesel,Europe,10.0,Autumn,1672.4447277027116,1718.6879642320139
roadTransport,Asia-Pacific,4.0,Spring,4479.676066309502,4043.9123299900507
rawMaterial,Europe,11.0,Spring,19415.525935098,21512.319451410007
rawMaterial,Europe,11.0,Summer,15031.966281155816,16561.491867924004
rawMaterial,Asia-Pacific,22.0,Winter,12003.690216263974,13931.855993229818
diesel,India,2.0,Summer,2613.2451554923528,2601.1523828616264
roadTransport,Asia-Pacific,9.0,Summer,4156.903352240913,4163.136544739556
roadTransport,Europe,15.0,Autumn,4383.218816828696,4962.808188711457
roadTransport,Asia-Pacific,12.0,Spring,12270.571870812642,13004.9038116503
electricity,USA,18.0,Summer,2868.941754192304,3371.6533002787705
diesel,India,9.0,Winter,1809.990512602997,2158.885774222997
rawMaterial,USA,9.0,Autumn,761.2647322752086,738.5222903698908
rawMaterial,Asia-Pacific,2.0,Winter,13874.022851330095,13756.560794170973
electricity,USA,5.0,Summer,2258.211492889099,2261.840794083749
roadTransport,Asia-Pacific,21.0,Autumn,892.3788299648158,986.605866420015
diesel,Asia-Pacific,1.0,Winter,1824.86413221541,2293.761054334257
rawMaterial,Europe,11.0,Spring,20581.425329471018,22640.84880770982
electricity,Asia-Pacific,3.0,Spring,2850.223268407923,2738.398266017901
electricity,USA,11.0,Winter,6053.250030697965,6957.987027166981
electricity,India,23.0,Winter,3182.9937645831224,4209.654686052188
rawMaterial,USA,7.0,Winter,13719.981562550052,13339.252493942377
rawMaterial,India,13.0,Autumn,11896.476778325057,14580.187132448862
roadTransport,USA,14.0,Summer,551.509255981628,677.2966871920761
rawMaterial,India,3.0,Winter,3591.996652466916,3368.487094364854
diesel,India,21.0,Summer,2309.8560611845733,2857.787519058106
rawMaterial,USA,24.0,Winter,12663.943659664197,15283.198339213593
diesel,Asia-Pacific,24.0,Autumn,767.7732027213557,967.6357746543796
roadTransport,USA,0.0,Spring,190.94524358839215,199.44629313912463
roadTransport,Europe,21.0,Autumn,440.28754156019016,534.9630019981931
diesel,India,4.0,Winter,721.205977985516,835.739022409026
diesel,USA,19.0,Winter,920.3598494560354,1353.715551207769
electricity,India,14.0,Autumn,4084.9816501549108,5730.962600858977
electricity,Europe,4.0,Winter,7924.412045256569,7911.92376092328
rawMaterial,USA,19.0,Summer,9942.031189103354,11831.197342446952
diesel,India,18.0,Summer,1388.3488449718136,1602.58471861486
diesel,Asia-Pacific,17.0,Autumn,1539.8014654681976,1726.7906370322555
diesel,India,7.0,Spring,529.5040481905031,554.99204579589
rawMaterial,India,15.0,Autumn,3107.5420536882016,3592.3440231549375
electricity,Asia-Pacific,20.0,Winter,6325.9496116110295,7438.327412372689
roadTransport,Asia-Pacific,2.0,Winter,2279.609261044643,2194.3295555906234
rawMaterial,Europe,12.0,Winter,16035.083970926278,18334.6294954001
rawMaterial,India,18.0,Spring,12463.348580956963,14776.260997025753
roadTransport,India,22.0,Autumn,3469.722084128402,4615.325207818486
electricity,India,19.0,Spring,2738.8028017414886,3634.443165754838
diesel,Asia-Pacific,17.0,Winter,606.0584881879855,831.2788967569244
diesel,USA,24.0,Summer,1795.5537208487622,2231.14306240813
electricity,Europe,8.0,Spring,7578.921752970756,7307.076934755888
diesel,USA,22.0,Winter,1203.5040637120103,1635.407066531291
diesel,Europe,7.0,Autumn,2129.8592630727567,2154.9032597527416
rawMaterial,USA,13.0,Autumn,24662.87199485568,27556.857152763416
electricity,Europe,2.0,Summer,5990.4014215891375,5571.7763835132955
rawMaterial,Europe,4.0,Summer,27094.878172141787,25509.336368989556
roadTransport,USA,12.0,Autumn,10765.706276430965,12180.236127879763
electricity,India,14.0,Spring,6723.2723967349975,9155.793120951857
rawMaterial,India,3.0,Autumn,3471.283987239591,3634.288352073128
rawMaterial,USA,23.0,Summer,14867.117196178539,19004.470627622668
roadTransport,India,11.0,Autumn,4849.727348186553,4904.716983621641
roadTransport,Asia-Pacific,17.0,Winter,5553.529898793648,6935.106201955279
electricity,USA,17.0,Summer,6114.543520246172,7670.417940920655
rawMaterial,Asia-Pacific,5.0,Summer,6824.1455404043,6812.1703705396985
electricity,India,11.0,Winter,3867.0740826093943,4664.47336951647
roadTransport,Asia-Pacific,24.0,Winter,510.1913530559849,622.1328182828537
electricity,USA,13.0,Autumn,1689.0008699990344,1938.9237664131367
roadTransport,USA,10.0,Winter,1511.6537247481635,1549.5144020633406
rawMaterial,USA,19.0,Summer,3134.254255356085,3546.5707490576197
electricity,Asia-Pacific,0.0,Winter,2851.1476760924884,2525.2932521571447
roadTransport,USA,22.0,Summer,3869.0227051907314,4535.508011547015
diesel,India,12.0,Autumn,759.6802948252704,781.509664602501
electricity,Europe,1.0,Winter,4809.941278885025,4943.731962925529
electricity,India,1.0,Winter,5433.820262907702,6351.510438099547
roadTransport,USA,14.0,Winter,3540.8882269635387,4249.983707367503
diesel,India,24.0,Spring,1818.2409292761615,2427.780369550748
diesel,USA,22.0,Autumn,430.4703043196753,540.8643277940419
electricity,Europe,21.0,Spring,1030.4355551808258,1346.9235314653033
rawMaterial,Asia-Pacific,12.0,Summer,19201.408280206986,19268.20096605237
rawMaterial,India,8.0,Autumn,19343.773679630056,20118.203542538085
rawMaterial,Asia-Pacific,13.0,Winter,24750.711359089964,30848.82237893102
rawMaterial,USA,16.0,Spring,13849.801608924428,17177.978767368633
rawMaterial,Europe,15.0,Winter,3382.3788109169273,4102.870147832121
electricity,India,16.0,Spring,3322.8981050158454,4223.719860030147
diesel,Europe,16.0,Winter,1244.1789666382087,1699.056294739003
diesel,USA,15.0,Spring,900.7508643737439,1032.4917304528908
roadTransport,India,23.0,Summer,689.3278670617199,963.3090477641069
electricity,India,13.0,Spring,988.3830341849514,1271.6232820891248
roadTransport,Europe,22.0,Autumn,1111.1220381971148,1335.3847264041592
roadTransport,India,3.0,Summer,4542.494218965775,4325.052280479672
roadTransport,India,19.0,Spring,3133.539577692664,3576.429573557684
diesel,India,12.0,Summer,1748.3980921732702,1778.335976206882
rawMaterial,Asia-Pacific,2.0,Spring,14750.929230405745,13484.427364214125
electricity,USA,3.0,Winter,8135.338801334601,8050.651646027359
roadTransport,USA,13.0,Summer,4578.96480606943,5294.003922984128
electricity,USA,5.0,Winter,5949.69894524407,6148.520052365397
roadTransport,India,15.0,Winter,3536.0798484130864,3723.8403379170854
diesel,USA,11.0,Spring,211.64421083311288,229.4114041218934
diesel,Europe,23.0,Winter,2020.025541791072,3109.854443290907
rawMaterial,Asia-Pacific,14.0,Autumn,21480.704964963938,23748.49057636691
rawMaterial,India,2.0,Summer,22415.321186577294,21180.815576855475
diesel,India,24.0,Spring,1149.9569909149823,1341.2072601721393
diesel,India,9.0,Summer,1921.7103807386036,2112.807187877475
roadTransport,India,19.0,Spring,559.9678898491455,660.7503658906312
rawMaterial,USA,2.0,Winter,4196.121033238743,4322.769562332647
roadTransport,USA,1.0,Winter,10563.971949603203,10410.797976108059
rawMaterial,Europe,11.0,Summer,16202.24394825648,15453.430254136701
roadTransport,Asia-Pacific,15.0,Spring,3455.188551415955,4117.123560700305
roadTransport,USA,16.0,Spring,11898.05039288173,15220.36486226216
diesel,India,9.0,Autumn,1623.3914997604224,1654.897721630704
electricity,India,4.0,Winter,5782.046468013177,6704.974914192756
diesel,Asia-Pacific,13.0,Summer,1627.8184687343085,1828.292601000941
rawMaterial,India,17.0,Autumn,27729.555276304272,34777.12595357696
diesel,USA,4.0,Summer,213.84655417648207,218.51605672534419
rawMaterial,Europe,8.0,Summer,2410.5034264912797,2279.946466203095
diesel,USA,16.0,Autumn,605.9112221878289,742.2262505089064
rawMaterial,India,10.0,Winter,19558.173360323814,20020.481777612495
roadTransport,India,16.0,Spring,2069.4862968034536,2265.841058931852
roadTransport,India,16.0,Summer,2903.4324707070964,3255.9735434915365
electricity,India,6.0,Winter,3825.4463922502814,4700.867949706549
electricity,USA,18.0,Autumn,7690.938711589248,9823.114298511706
electricity,Asia-Pacific,0.0,Autumn,1901.73366336095,1864.1319636170983
rawMaterial,USA,23.0,Spring,21650.095036098897,26080.142017250353
electricity,India,0.0,Spring,6752.686295355825,8044.82766250669
roadTransport,Europe,3.0,Autumn,4272.591403517879,4661.348468259688
roadTransport,India,13.0,Spring,5027.392032647673,5790.761906958721
electricity,USA,0.0,Spring,911.0467486780155,972.9659315973723
roadTransport,Europe,10.0,Winter,2687.893125876584,2805.210638581974
rawMaterial,Asia-Pacific,10.0,Summer,27400.16289753351,30724.06681469058
rawMaterial,Europe,11.0,Summer,7993.516402552831,8529.042645556108
roadTransport,USA,10.0,Winter,1541.293251862911,1596.90199323288
rawMaterial,Asia-Pacific,20.0,Autumn,12572.645110243546,14227.047029406533
diesel,USA,13.0,Autumn,817.8534651817647,926.1453047674664
diesel,India,7.0,Autumn,1157.0838397665384,1194.5910620281668
electricity,Europe,18.0,Summer,6310.163124998703,7585.021517446447
diesel,Europe,24.0,Autumn,802.5092576759465,1036.3409074604992
roadTransport,Europe,14.0,Summer,2122.363858682449,2329.214614178275
roadTransport,Europe,4.0,Winter,4725.270747511708,4887.088555410475
roadTransport,Europe,22.0,Winter,1091.4893127765276,1259.5708739745821
rawMaterial,Asia-Pacific,23.0,Winter,8623.13208315998,11300.527277007766
diesel,India,9.0,Winter,2274.9921062472295,2737.3384046604756
electricity,USA,11.0,Winter,4050.7132761032553,4771.257506897237
electricity,USA,17.0,Autumn,4878.758451282417,5857.708882985335
rawMaterial,Europe,24.0,Summer,18801.001772411015,23349.09465810341
rawMaterial,Asia-Pacific,3.0,Spring,23463.509955868627,23040.827498908315
electricity,Europe,7.0,Autumn,909.2189374356758,934.0587591042485
diesel,Asia-Pacific,16.0,Summer,1145.3784667145626,1284.8385549061218
rawMaterial,Asia-Pacific,5.0,Spring,21196.23255057371,22143.786267459767
rawMaterial,India,23.0,Autumn,23306.111247565448,28840.914515571352
rawMaterial,Europe,19.0,Spring,6651.297258249259,8022.058347775763
diesel,Europe,21.0,Autumn,2533.098187896472,3202.2078160347237
diesel,Europe,17.0,Autumn,993.8116324478757,1197.403884786399
rawMaterial,India,24.0,Autumn,11259.413566571555,14620.001610166497
electricity,Asia-Pacific,20.0,Winter,5007.901027795535,5697.046100212582
rawMaterial,India,24.0,Autumn,14238.895075782993,18804.207800689663
roadTransport,USA,10.0,Winter,7591.548968168184,7225.2146230612625
roadTransport,Asia-Pacific,7.0,Autumn,2972.4270954648887,2730.052208532589
rawMaterial,India,8.0,Summer,24743.904759647692,25008.12165892103
electricity,USA,6.0,Autumn,6877.649001766988,6807.73201397015
diesel,India,23.0,Winter,859.2349146506224,1429.9924928340458
diesel,India,9.0,Winter,1614.1592546428478,1989.2922088894927
rawMaterial,Europe,9.0,Winter,2037.3654782671397,2120.512591554869
diesel,Europe,12.0,Summer,892.6565572101382,946.8588208442964
electricity,Europe,8.0,Autumn,4913.204633149838,5068.014697796076
rawMaterial,Europe,15.0,Winter,8279.310209150382,8453.928806291144
diesel,USA,20.0,Autumn,2550.440315237477,2942.5775422535053
electricity,USA,21.0,Autumn,3997.809198909972,5184.285756165625
rawMaterial,Europe,18.0,Winter,20449.071618945087,24749.602726372163
electricity,Europe,16.0,Summer,3581.883423685238,3787.9752326512767
diesel,India,3.0,Spring,640.217438109378,600.8842311230421
electricity,Asia-Pacific,16.0,Spring,1269.971084806984,1475.3869915524258
electricity,Asia-Pacific,12.0,Spring,5069.841250772199,5735.32338528055
electricity,Europe,23.0,Spring,4687.358303810351,5270.981094629697
roadTransport,Asia-Pacific,12.0,Spring,10485.825672601253,12199.930973141296
diesel,Asia-Pacific,4.0,Summer,2229.0730218752565,2175.1368725490593
roadTransport,Europe,24.0,Spring,1419.4878967595141,1852.3533619204804
rawMaterial,Asia-Pacific,21.0,Summer,21267.497434182926,24516.827443483307
diesel,USA,13.0,Summer,310.9693321081006,373.52589459741444
diesel,India,19.0,Summer,2152.15688392512,2821.981203516727
rawMaterial,Asia-Pacific,21.0,Summer,13251.538198157856,15548.691220608769
diesel,India,20.0,Autumn,910.2228439180134,1081.0443060675373
electricity,Europe,9.0,Summer,5565.3496606151175,5013.791021785502
diesel,Asia-Pacific,8.0,Spring,1955.822958387864,1767.8922283612603
electricity,Asia-Pacific,12.0,Spring,3215.507069142327,3946.848282290297
diesel,India,5.0,Autumn,1646.0026124823755,1616.9289279909988
electricity,Asia-Pacific,18.0,Autumn,1016.3670027309042,1287.8359674031533
roadTransport,Asia-Pacific,9.0,Winter,296.0276189344835,281.400592111828
diesel,Europe,16.0,Autumn,140.8772980597802,164.5363203435344
rawMaterial,Europe,23.0,Winter,21128.378550741807,22314.38334678533
electricity,USA,4.0,Winter,4958.501724068257,5523.626315045633
roadTransport,USA,15.0,Summer,7801.89453533684,8660.176005807689
diesel,USA,6.0,Autumn,198.7210644670704,199.66215031453444
rawMaterial,Europe,12.0,Autumn,4693.289123054214,5125.467429416243
diesel,Europe,16.0,Spring,690.9128626230212,829.7666751074388
diesel,India,19.0,Summer,954.6737142740825,1063.5880476571022
rawMaterial,Europe,21.0,Autumn,2750.9040741258814,3491.286480936923
rawMaterial,USA,24.0,Spring,28027.596170289133,34583.339111312765
roadTransport,USA,19.0,Summer,4485.869366037501,4941.774654532581
electricity,USA,8.0,Autumn,673.2174858868568,604.2303828552667
roadTransport,India,3.0,Autumn,1912.90864033192,1716.9114691383948
roadTransport,India,22.0,Autumn,366.9737046140728,439.15105170246994
rawMaterial,Europe,0.0,Autumn,27946.5064927191,29057.272690875892
diesel,India,0.0,Spring,406.2179747110253,433.6201212115615
diesel,USA,17.0,Spring,1628.0448531572931,1937.3948708536157
diesel,Europe,0.0,Winter,1252.2299608325527,1646.726913899433
rawMaterial,Asia-Pacific,14.0,Spring,12216.340999109101,13828.945252787045
diesel,USA,14.0,Summer,2025.2235430350686,2248.131724108817
diesel,Europe,20.0,Summer,1166.158484326453,1381.252413446693
rawMaterial,Asia-Pacific,21.0,Autumn,13744.496326007187,15683.543576068998
rawMaterial,Asia-Pacific,9.0,Spring,13482.33659681779,13980.434580630388
diesel,India,13.0,Autumn,2462.9581628090755,2658.350206480122
electricity,USA,23.0,Summer,1869.4597535903058,2304.4340444097893
rawMaterial,India,1.0,Summer,14762.317287239648,15419.369977388667
electricity,India,17.0,Autumn,586.0885826083753,749.7633000835974
rawMaterial,India,23.0,Spring,12276.001468952882,14755.933398311094
roadTransport,Europe,0.0,Autumn,8613.428361277956,8258.882173004913
rawMaterial,Europe,20.0,Winter,8648.83016263807,10111.26935803323
roadTransport,Asia-Pacific,12.0,Spring,3267.7344098995723,3601.010286503277
electricity,Europe,12.0,Winter,7861.6869795523235,9393.787642911519
rawMaterial,India,14.0,Summer,9114.56530749494,10268.156173385463
electricity,Europe,12.0,Summer,5107.399916949011,5844.455171993533
rawMaterial,USA,23.0,Autumn,6174.190584907529,7342.960599445885
roadTransport,USA,20.0,Summer,5041.5322857929605,6132.530011802542
electricity,Europe,20.0,Spring,4553.9348935209455,5633.38537395317
rawMaterial,USA,20.0,Autumn,27238.926729167495,32711.79551107244
roadTransport,USA,6.0,Spring,7506.81111064037,6903.917795354503
roadTransport,Europe,23.0,Spring,3385.985737089419,4247.007762957253
electricity,Asia-Pacific,0.0,Autumn,5911.551163562581,5842.597653458887
electricity,Europe,21.0,Spring,3511.584554543441,4562.537995969727
rawMaterial,USA,11.0,Autumn,2577.5900248836615,2565.2308616655964
roadTransport,India,3.0,Spring,3791.859794115065,3808.8085123132896
electricity,Europe,17.0,Summer,3624.6988637875857,4122.747439874093
roadTransport,India,17.0,Autumn,2664.3656284273993,3067.2338983947743
roadTransport,Asia-Pacific,3.0,Winter,797.4270814100995,773.5605990532764
rawMaterial,Asia-Pacific,10.0,Winter,26944.88232110411,26157.438189863704
diesel,USA,13.0,Winter,2531.402333378797,3366.753344166374
diesel,USA,8.0,Summer,1782.9678269046901,1882.9634663816096
rawMaterial,Asia-Pacific,12.0,Summer,14437.714621512467,16329.377550692105
rawMaterial,USA,9.0,Spring,21234.255825823857,20544.08530951717
electricity,Asia-Pacific,4.0,Summer,7936.5268134610415,7738.164266097758
diesel,Asia-Pacific,3.0,Winter,486.3118202317242,599.4191652492249
roadTransport,Europe,4.0,Winter,6567.6360323175695,6906.412357456386
rawMaterial,USA,11.0,Winter,25218.081573218784,26020.14240044762
electricity,India,9.0,Winter,3129.959411347191,3807.5006483020106
electricity,Europe,4.0,Winter,5453.611536022223,5830.56130433615
diesel,Europe,11.0,Summer,1598.4803141378914,1822.4619007658894
roadTransport,Europe,11.0,Spring,6931.130104825028,7760.109648738018
roadTransport,Europe,22.0,Winter,685.8109932300401,829.4767568553483
electricity,Europe,24.0,Summer,1852.76651570593,2098.2646698475464
rawMaterial,Europe,17.0,Autumn,16129.792826870133,17412.80077201091
rawMaterial,India,19.0,Summer,27704.31247890308,35150.9275244896
rawMaterial,USA,8.0,Winter,3168.961615398424,3170.693930363839
electricity,India,19.0,Spring,4440.556047736485,5509.589064858714
diesel,Asia-Pacific,8.0,Spring,1442.7224663855638,1497.0910224687796
electricity,India,2.0,Autumn,7657.435669866598,8863.067406057291
diesel,India,23.0,Summer,467.1246519940952,592.9984517349826
diesel,Europe,6.0,Autumn,1725.7885652012333,1888.357946203442
rawMaterial,USA,24.0,Autumn,3859.8874204647204,4658.883240219094
roadTransport,Asia-Pacific,4.0,Summer,6063.711174616107,6277.193176015964
roadTransport,USA,9.0,Winter,3353.4278974503163,3488.5125299160813
rawMaterial,Europe,19.0,Autumn,26093.44000445757,32811.79706027006
diesel,Asia-Pacific,15.0,Spring,1061.7275456158925,1265.493838746874
diesel,India,13.0,Winter,529.3342316894838,758.1983900940699
rawMaterial,Europe,21.0,Spring,4011.3635977838508,5148.284477913
roadTransport,Asia-Pacific,0.0,Winter,1496.0455498597091,1470.423747292885
roadTransport,Europe,17.0,Spring,796.2918220441481,1011.5013600521767
diesel,Europe,5.0,Autumn,2347.3723508114385,2370.876809819766
diesel,Asia-Pacific,12.0,Autumn,527.3397793805732,541.0082863217445
rawMaterial,India,19.0,Summer,28873.389524026323,32204.445739406077
roadTransport,India,13.0,Spring,403.7503922252714,478.3098049961055
diesel,USA,18.0,Spring,1610.119479181733,1827.3960466965134
diesel,USA,12.0,Winter,1397.5889744765693,1975.366963157873
rawMaterial,USA,16.0,Summer,24361.961908682268,27673.883213936366
diesel,Europe,4.0,Summer,687.0525564386534,657.4043819943512
roadTransport,Asia-Pacific,15.0,Autumn,3173.468723057769,3908.782554653847
diesel,Asia-Pacific,17.0,Summer,1991.5785289531823,2364.2894831183153
electricity,USA,8.0,Winter,734.0324992378975,714.2879470236434
rawMaterial,India,13.0,Autumn,4891.46928607901,5753.720880500915
diesel,Europe,24.0,Summer,134.61326652248806,167.87674289906784
rawMaterial,USA,23.0,Winter,1120.1628262978882,1402.7804884324814
diesel,India,1.0,Summer,806.0443346197435,784.638983452846
rawMaterial,India,14.0,Winter,13135.068066843016,15466.728550010946
rawMaterial,India,24.0,Spring,15967.538246838454,19408.421705459434
roadTransport,Asia-Pacific,1.0,Winter,11802.82343623521,11673.17176706173
roadTransport,Asia-Pacific,22.0,Autumn,883.5487110395039,1060.6838216138642
electricity,Asia-Pacific,15.0,Autumn,6246.401716058096,6823.967824275306
electricity,Asia-Pacific,1.0,Summer,4394.089605089364,4206.221298316342
diesel,India,18.0,Autumn,1119.6342758405438,1275.808821493533
rawMaterial,Europe,9.0,Summer,22466.33895132259,21891.66662019026
electricity,India,18.0,Winter,4991.191855208094,6437.813648898352
diesel,Asia-Pacific,20.0,Summer,1955.6781604653938,2665.2318086416976
roadTransport,USA,13.0,Spring,242.94846505032154,273.3112989790375
rawMaterial,USA,1.0,Autumn,24590.424095118073,23743.623140443855
roadTransport,Europe,18.0,Autumn,3200.2879587420343,3886.707863112337
roadTransport,USA,2.0,Winter,1556.8980890729606,1536.024823398402
rawMaterial,Asia-Pacific,6.0,Summer,13610.57868895772,13384.646853613458
electricity,USA,16.0,Winter,7091.140148403834,7399.226622575428
rawMaterial,India,24.0,Summer,12081.37786093817,14558.156222961152
rawMaterial,USA,15.0,Spring,18146.07943263402,19549.757034306986
roadTransport,Europe,13.0,Autumn,476.76524564311956,559.56311248845
roadTransport,USA,16.0,Winter,4761.806015651193,5739.991795115713
roadTransport,Europe,23.0,Autumn,104.42251482889809,126.67593529360637
diesel,Europe,6.0,Winter,2449.0883567498017,2871.7199120315545
rawMaterial,Europe,15.0,Summer,26962.558372008436,31473.20749634573
diesel,Asia-Pacific,16.0,Spring,2617.799853704585,3153.19286738371
diesel,India,0.0,Winter,2576.5811092691683,2990.656867318168
rawMaterial,USA,7.0,Spring,15600.845174519249,14811.113231758207
electricity,Asia-Pacific,2.0,Spring,2743.82678700883,2666.099247883521
diesel,Asia-Pacific,2.0,Spring,198.78842682916945,221.37259565145175
roadTransport,Asia-Pacific,15.0,Spring,8875.263220769333,10754.733485783314
rawMaterial,USA,12.0,Summer,6017.218662655091,5709.518071142706
diesel,USA,16.0,Autumn,1501.0066235756178,1688.6727018420356
diesel,Asia-Pacific,14.0,Autumn,1286.7476577360264,1493.5029061910552
rawMaterial,USA,12.0,Winter,22067.491093862114,24403.742256448455
roadTransport,Europe,3.0,Autumn,5373.483414603045,5201.588664874069
roadTransport,India,9.0,Summer,217.1337636825658,227.34883245076279
diesel,USA,13.0,Summer,1707.5392070490354,2003.9919209501652
rawMaterial,Europe,16.0,Summer,19388.748304971352,21282.42354613319
rawMaterial,India,13.0,Autumn,28500.934601556124,30070.76976230275
roadTransport,USA,16.0,Autumn,1353.1437507186731,1753.6619249806872
rawMaterial,India,24.0,Autumn,6698.250436146902,8599.658853584282
rawMaterial,USA,19.0,Autumn,16247.524829500095,20395.003586619725
diesel,India,18.0,Spring,859.2437094260941,1086.9864856787167
roadTransport,Europe,13.0,Spring,2567.3850162485974,2946.4932489867497
electricity,Asia-Pacific,1.0,Winter,2352.6373884879995,2374.476724068988
roadTransport,USA,10.0,Winter,1063.4236096395448,1127.719830627427
diesel,India,6.0,Winter,645.1520921850673,773.2424016124791
rawMaterial,India,3.0,Autumn,4154.77083184239,4639.789348838448
rawMaterial,Asia-Pacific,23.0,Summer,2474.92525547481,3005.6933219110124
roadTransport,USA,21.0,Spring,11222.173114982135,13148.47926705926
rawMaterial,Asia-Pacific,23.0,Summer,25393.39074158155,30934.137786245472
rawMaterial,India,6.0,Summer,7534.967380495215,7492.182869428144
rawMaterial,Asia-Pacific,15.0,Spring,7213.761308178548,8272.658506338934
rawMaterial,Europe,8.0,Spring,24698.528919328575,27317.79996551534
rawMaterial,Europe,21.0,Winter,27056.436636021965,34338.94110528845
roadTransport,India,14.0,Winter,2620.082362654598,3174.4359094502865
roadTransport,India,12.0,Spring,811.7607791062488,781.1328786611776
electricity,Europe,6.0,Summer,3739.772563472602,4003.6802469138556
roadTransport,Asia-Pacific,9.0,Autumn,2280.907939513418,2370.472990571823
rawMaterial,Europe,2.0,Winter,25138.413289347845,25061.618793270452
electricity,India,20.0,Summer,2756.5485774051563,3734.270677414374
rawMaterial,USA,19.0,Winter,7149.701181018497,8583.392918669162
electricity,Europe,22.0,Autumn,2234.3745755549726,2773.5353259801445
roadTransport,Europe,7.0,Autumn,1588.7762185508193,1555.118731798398
roadTransport,Asia-Pacific,14.0,Autumn,434.36652149832645,483.06686972989314
roadTransport,India,14.0,Summer,1129.2581704669878,1294.1308588672211
diesel,India,19.0,Spring,1513.626921161256,1814.7794174419305
diesel,Europe,9.0,Autumn,1980.094464113419,1983.4936317453894
electricity,India,17.0,Autumn,1919.2262882632745,2487.4613378646895
rawMaterial,Asia-Pacific,20.0,Winter,10147.669416232753,12126.851936804425
diesel,Asia-Pacific,11.0,Spring,2102.2875005571673,2466.106476964385
diesel,Asia-Pacific,24.0,Spring,833.061115392901,957.6512196858339
rawMaterial,Europe,18.0,Winter,8300.396179721864,9909.618744365835
roadTransport,India,9.0,Winter,10915.399104727128,11275.83700937297
diesel,Europe,21.0,Winter,603.1388839307135,844.1598831238045
roadTransport,Europe,3.0,Spring,2399.7574595170177,2446.657843331571
rawMaterial,Europe,4.0,Winter,12094.822854780554,12213.20819271436
diesel,Asia-Pacific,9.0,Summer,2117.5731798499874,2114.736777984421
rawMaterial,USA,19.0,Autumn,1994.0619399442467,2588.478658523104
electricity,India,15.0,Summer,3600.1489613711815,4835.538955953077
rawMaterial,India,0.0,Spring,3715.846120112846,3679.537806793852
electricity,USA,19.0,Autumn,5232.735212162022,6249.603373835477
diesel,Europe,11.0,Spring,1035.3339984295005,1082.6530715461818
electricity,Europe,3.0,Autumn,4649.178981461832,4540.413589654433
roadTransport,Asia-Pacific,23.0,Autumn,1642.9049503757913,1955.1538986273877
diesel,USA,13.0,Spring,143.10842855167982,153.34698451268596
diesel,India,20.0,Spring,624.8759152466406,818.0852449727422
electricity,Asia-Pacific,10.0,Winter,3737.1601245005595,3585.8398768705083
electricity,Europe,21.0,Spring,6646.012820622185,8084.1118854897795
diesel,USA,16.0,Winter,2136.5535919853164,2820.2010314242
rawMaterial,India,12.0,Summer,3163.0818754792695,3706.0923474273072
diesel,Europe,11.0,Autumn,2136.091364658483,2311.2605567158603
rawMaterial,Europe,5.0,Summer,21969.044881334852,20299.515224852494
electricity,USA,3.0,Spring,7460.5586155190085,7270.696154319898
diesel,Asia-Pacific,1.0,Summer,1486.8446774961494,1279.0516611394457
electricity,Europe,13.0,Winter,6806.451011106409,7401.634220346226
diesel,USA,7.0,Summer,389.5356425120073,387.32323272736215
rawMaterial,Europe,23.0,Summer,2254.402625903865,2696.2215713553
diesel,USA,24.0,Summer,1015.3617468214046,1341.6819369250418
rawMaterial,USA,20.0,Winter,11142.881539762375,13376.371574641125
roadTransport,Asia-Pacific,10.0,Autumn,1547.5033608409753,1618.7516431992244
electricity,Asia-Pacific,18.0,Summer,6461.741946537612,7884.992227571655
rawMaterial,USA,10.0,Spring,26419.450584027825,27669.852802522033
roadTransport,Asia-Pacific,20.0,Summer,11955.877235344502,15851.83985182863
rawMaterial,Asia-Pacific,1.0,Winter,22142.494197548658,22803.78351426082
electricity,India,7.0,Winter,4325.56408075942,4651.875421120715
rawMaterial,India,18.0,Winter,6246.71260652865,7359.197072805378
diesel,Europe,17.0,Autumn,819.5625002810586,1041.8401852578122
roadTransport,India,6.0,Autumn,3044.5643684486204,3261.118192906744
rawMaterial,Asia-Pacific,3.0,Winter,24460.161503266714,23840.543010385052
roadTransport,Asia-Pacific,5.0,Autumn,1356.6838807128393,1372.9554555351847
rawMaterial,USA,20.0,Summer,23167.114715858585,27141.621080744317
roadTransport,Europe,3.0,Summer,2297.1897935042666,2402.277437522471
electricity,Asia-Pacific,13.0,Spring,4086.3920792337426,4560.6944403592815
rawMaterial,Europe,10.0,Autumn,4756.962045933414,4931.811823960671
electricity,Asia-Pacific,5.0,Summer,5266.583061477132,5014.769445683807
diesel,Europe,24.0,Autumn,1857.8507005875213,2253.957432830477
electricity,Europe,21.0,Spring,6088.147637809941,6764.184211144316
electricity,USA,12.0,Spring,4491.906774549758,4963.235406277696
electricity,India,4.0,Summer,7997.703242532378,8693.251716076575
electricity,Asia-Pacific,18.0,Autumn,4492.253448268502,4799.899667113799
diesel,USA,13.0,Autumn,2185.893078595503,2519.9515046405386
roadTransport,USA,21.0,Spring,495.5813606562178,578.8284732670858
rawMaterial,India,0.0,Autumn,20672.959702648044,19896.979141501623
diesel,India,23.0,Autumn,159.35750110615626,203.7786798440215
diesel,Asia-Pacific,12.0,Summer,953.4215332225615,1039.4201003640928
diesel,Europe,1.0,Autumn,1636.4364112890228,1604.6430520749434
rawMaterial,Europe,16.0,Autumn,6812.028854651014,7923.4726814472915
roadTransport,Asia-Pacific,23.0,Spring,9007.267319420109,10667.407559081783
electricity,Asia-Pacific,23.0,Autumn,2382.0550575641196,2862.698328614712
electricity,India,6.0,Autumn,2981.5709052923285,3501.589274474004
electricity,Asia-Pacific,11.0,Spring,7119.420532159608,7987.765378889824
diesel,Asia-Pacific,20.0,Autumn,2342.800853836341,2838.506772325446
diesel,India,5.0,Winter,2306.9617769764423,2546.81479636858
diesel,Asia-Pacific,16.0,Spring,142.0817631777452,158.0174502404726
diesel,India,4.0,Autumn,2220.4926210358412,2162.45191053549
diesel,Europe,20.0,Autumn,2337.383265340519,2677.101197466799
diesel,Europe,22.0,Spring,1242.5014025419223,1625.243150600522
roadTransport,Europe,3.0,Autumn,1088.3087018127433,986.5557944648436
diesel,India,17.0,Winter,434.07183669869477,618.1067017456954
roadTransport,India,21.0,Winter,5433.775564875065,6726.538656054698
diesel,Europe,1.0,Summer,1035.9605265001353,1043.6670697385352
electricity,Asia-Pacific,7.0,Autumn,4089.06871212136,4054.0547722307024
electricity,Asia-Pacific,4.0,Spring,2916.331462595984,2861.442815637168
diesel,Asia-Pacific,4.0,Autumn,1175.6800840382664,1194.2598190205617
electricity,India,12.0,Summer,5864.466539900673,8264.699135582632
diesel,USA,7.0,Winter,627.1609454323973,788.5559468835129
diesel,India,0.0,Summer,2454.058162570098,2291.642510884715
electricity,Europe,21.0,Summer,6239.403460744204,7385.132396845913
rawMaterial,Europe,14.0,Spring,22326.742224713307,24961.224140620638
roadTransport,Asia-Pacific,24.0,Winter,11471.274526629415,13573.078009509225
rawMaterial,USA,2.0,Spring,10929.388288615428,11381.374442851939
rawMaterial,Asia-Pacific,6.0,Autumn,19485.6613577934,18016.428488402973
rawMaterial,USA,21.0,Summer,6612.732033723749,9063.082236073225
rawMaterial,Europe,15.0,Spring,11237.853146127414,13692.105328628386
rawMaterial,Asia-Pacific,24.0,Winter,13424.448803045445,17321.599580156933
roadTransport,Europe,17.0,Spring,6292.962422150091,7666.54776885968
rawMaterial,USA,21.0,Winter,2733.939747927229,3346.7491672577294
electricity,Europe,19.0,Winter,4623.940984438381,5823.007292240542
rawMaterial,USA,13.0,Spring,14192.301833668178,17736.64587874644
electricity,Europe,9.0,Winter,2320.8098294839783,2167.065923428156
electricity,USA,6.0,Autumn,7490.233160610584,7250.768145960488
rawMaterial,Europe,7.0,Autumn,22902.896093705764,22196.533445336245
roadTransport,Europe,11.0,Winter,918.7756506610276,1051.1225628230127
roadTransport,Asia-Pacific,16.0,Summer,2100.689429077534,2432.83946382603
diesel,Asia-Pacific,12.0,Spring,2167.4580463887028,2526.411070466401
diesel,USA,13.0,Summer,2199.075978349606,2369.7147623068963
electricity,India,11.0,Winter,662.8645043281332,810.5271429108237
rawMaterial,USA,17.0,Winter,2029.9457409367262,2421.8518583074365
electricity,Europe,15.0,Summer,3283.5681240257563,3682.554379144072
roadTransport,India,7.0,Winter,3272.8052404738787,3428.1572360318055
electricity,USA,17.0,Summer,7404.511512785313,8352.81570254536
electricity,Asia-Pacific,14.0,Winter,3259.3601327219408,3482.270253519584
diesel,USA,0.0,Summer,375.54083447100777,371.0244015831078
roadTransport,Asia-Pacific,0.0,Spring,3554.9900319965395,3599.891409569719
electricity,USA,22.0,Winter,5165.897548277926,5921.459705156618
rawMaterial,Asia-Pacific,19.0,Autumn,7087.5236037074055,8195.493068393658
electricity,India,19.0,Summer,756.4773007766163,1001.7061631941139
rawMaterial,Europe,11.0,Summer,24639.883923207053,27543.79863083496
rawMaterial,India,24.0,Spring,8149.759846765476,9632.210017698872
rawMaterial,India,0.0,Winter,22343.99705895282,23648.73738936108
diesel,India,13.0,Spring,1403.5209073969502,1516.4915610635103
rawMaterial,Europe,0.0,Spring,3989.8049158684685,4158.932950555942
diesel,USA,24.0,Summer,1396.1382428400643,1703.1110158646356
roadTransport,Europe,15.0,Spring,1191.0626376989537,1407.3003504807057
diesel,Europe,2.0,Summer,942.4712443904907,1008.5678459700006
diesel,USA,19.0,Spring,2418.9914246891512,2712.580862793887
diesel,USA,8.0,Spring,996.9316159596689,985.2871077040651
electricity,USA,21.0,Spring,3126.3948964668016,3821.145309642373
diesel,India,21.0,Spring,1028.1985319995906,1228.15476873847
rawMaterial,Asia-Pacific,2.0,Summer,17818.244138294776,17367.52903318516
electricity,Europe,24.0,Summer,1329.0564056144303,1690.824858059065
roadTransport,Asia-Pacific,12.0,Autumn,7498.474099801464,8751.694101674604
diesel,USA,17.0,Winter,1172.7463169135683,1614.7184617177954
electricity,Europe,8.0,Spring,1239.2267170099105,1373.0679268788308
roadTransport,USA,20.0,Autumn,1061.3677634501457,1363.2606609053314
electricity,Europe,13.0,Autumn,3512.055620479182,4014.7024178959105
roadTransport,Asia-Pacific,1.0,Winter,4685.769918873741,5319.899447912225
diesel,Asia-Pacific,6.0,Winter,1857.640995261291,2366.0073452791044
diesel,USA,13.0,Autumn,1946.6323076148913,2327.135575115506
roadTransport,Asia-Pacific,10.0,Spring,1330.1747788223033,1328.7176063858037
rawMaterial,Europe,21.0,Autumn,28041.127306955674,32649.71050123817
electricity,USA,24.0,Winter,1939.0772891145627,2367.3077449810994
diesel,India,13.0,Winter,2287.9247159697725,3310.1034086773384
roadTransport,India,11.0,Autumn,7896.581275871596,8670.932315367987
roadTransport,Europe,11.0,Spring,5627.215563882612,6207.633851998811
roadTransport,Asia-Pacific,15.0,Summer,1943.76134523014,2145.2631304620904
roadTransport,Europe,3.0,Winter,2605.0917856239835,2509.7464823045657
diesel,USA,21.0,Autumn,1359.9994338354786,1600.5200952056528
rawMaterial,India,16.0,Spring,14889.406816831033,17786.968443564114
diesel,Europe,19.0,Winter,1393.6519319854578,2040.5143278417197
rawMaterial,India,11.0,Spring,19311.69937226025,21151.9823531134
rawMaterial,Asia-Pacific,17.0,Spring,18513.225486190528,20277.39881006639
rawMaterial,USA,6.0,Summer,2945.875244011185,2868.695863260281
diesel,USA,17.0,Summer,159.6475434347673,206.8544588514177
rawMaterial,India,16.0,Winter,3675.0976924198535,4101.937661344507
rawMaterial,Europe,7.0,Autumn,17491.422277685055,16759.947768798604
rawMaterial,Asia-Pacific,6.0,Spring,2211.277693412725,2328.9603378975344
rawMaterial,Asia-Pacific,9.0,Spring,7609.391359977617,7712.727034515285
electricity,Europe,17.0,Autumn,7512.7138655234685,9105.174249576296
roadTransport,Europe,24.0,Autumn,230.64607001675748,282.25132750706086
roadTransport,Asia-Pacific,4.0,Spring,5743.979353945713,5616.971662947819
roadTransport,India,1.0,Winter,4606.017978289647,4800.385263868031
rawMaterial,Asia-Pacific,17.0,Summer,17268.454666180744,19104.288870386914
roadTransport,India,10.0,Summer,2509.349817308656,2579.7963793625568
rawMaterial,USA,13.0,Winter,26141.505741676287,31244.67119881327
rawMaterial,USA,8.0,Summer,16811.97173508366,15942.655600467671
rawMaterial,India,7.0,Summer,26785.27726920177,27056.47553266007
electricity,India,4.0,Summer,957.1486127232575,1043.0526117054972
rawMaterial,India,3.0,Autumn,17831.502446037357,18277.003193931796
roadTransport,Europe,18.0,Spring,7609.375897992692,9274.290347501199
electricity,Asia-Pacific,9.0,Spring,4351.471735925823,4404.0376284142185
diesel,Europe,2.0,Autumn,1854.8207486513154,1715.9169386582012
diesel,India,19.0,Autumn,746.7528211061003,876.8706026535536
roadTransport,USA,22.0,Spring,1739.3504467647745,2223.168146167148
rawMaterial,USA,14.0,Spring,26475.906097571948,30398.424517509848
electricity,Asia-Pacific,20.0,Autumn,674.6365931836874,793.8701348970508
rawMaterial,India,24.0,Autumn,3291.7526152572614,4061.955633678519
electricity,Europe,12.0,Autumn,3666.2064432619345,4491.137813168895
rawMaterial,USA,13.0,Spring,18181.86836098544,20798.163219994207
roadTransport,USA,9.0,Autumn,9117.830225456037,9052.965754748533
rawMaterial,India,6.0,Summer,21203.645328177787,21085.067011876286
roadTransport,Asia-Pacific,0.0,Winter,105.44994965909426,103.06314199051934
electricity,India,15.0,Summer,8108.105208343129,11114.521175176327
roadTransport,Asia-Pacific,1.0,Spring,7769.043681692841,7115.004554163827
electricity,Asia-Pacific,21.0,Summer,788.207827957044,897.1395924899476
electricity,India,5.0,Autumn,2158.6436528488157,2562.381431725323
electricity,Asia-Pacific,3.0,Spring,7935.09125336086,7910.080706676072
roadTransport,Asia-Pacific,3.0,Summer,5894.803383049644,6047.8226790303015
electricity,Europe,11.0,Autumn,1624.6085107112913,1832.0844888574873
electricity,Europe,3.0,Summer,4073.130335356301,3480.0551912921474
roadTransport,USA,22.0,Autumn,8741.992251078498,10473.718722336092
roadTransport,Asia-Pacific,13.0,Winter,8651.646791100617,8776.944886153884
roadTransport,Asia-Pacific,15.0,Summer,9561.199295777024,11735.434045516766
roadTransport,India,10.0,Autumn,2484.9532584354124,2386.4974954519735
electricity,Asia-Pacific,9.0,Winter,7115.060698589651,7080.600739027964
rawMaterial,India,11.0,Winter,12248.258777542103,13985.167663791253
rawMaterial,Asia-Pacific,4.0,Spring,3909.707307064792,3885.2499886003643
electricity,Asia-Pacific,20.0,Autumn,7334.408495113055,8992.108236273447
electricity,USA,0.0,Spring,7437.9522862245985,6467.757417596566
diesel,Asia-Pacific,2.0,Autumn,2550.092043000638,2581.1203924520746
diesel,USA,19.0,Autumn,1272.02709470005,1574.7277134438211
rawMaterial,USA,5.0,Autumn,27822.4808332712,26119.0124494485
electricity,USA,13.0,Winter,567.494481951342,629.588371617478
rawMaterial,Europe,6.0,Summer,24073.478962292837,26511.028342051355
rawMaterial,Asia-Pacific,11.0,Autumn,13123.789510479268,15025.525143910138
electricity,Europe,17.0,Autumn,5572.6076780381045,6080.079212394883
electricity,Asia-Pacific,22.0,Winter,2939.807243854503,3675.625449861168
rawMaterial,USA,13.0,Summer,2373.17736467699,2766.8475029934098
electricity,Europe,14.0,Winter,1079.735397825058,1260.8841571993592
roadTransport,Asia-Pacific,13.0,Summer,7603.382257717278,8921.450363287582
roadTransport,Europe,15.0,Summer,720.3583580411312,848.4841801212398
electricity,Europe,7.0,Summer,2948.2158553123027,2987.644614435057
roadTransport,Europe,21.0,Winter,7335.578552046466,8674.816392768691
rawMaterial,India,0.0,Winter,6044.515939402424,6353.3664903263725
roadTransport,Asia-Pacific,10.0,Spring,3714.8322371767586,4154.231267353531
electricity,USA,21.0,Spring,8106.327750413714,9927.905208339454
electricity,Europe,23.0,Summer,2188.6972170618883,2682.6451350463153
electricity,Asia-Pacific,17.0,Winter,5560.207271372334,6412.0537886436105
electricity,Asia-Pacific,12.0,Autumn,2347.71004440831,2875.164717181052
rawMaterial,USA,2.0,Autumn,2487.3053451562546,2393.496856302498
diesel,USA,22.0,Summer,2464.0389544770783,2765.1538099476425
electricity,Asia-Pacific,5.0,Autumn,2490.404724464616,2264.4149612998694
roadTransport,Asia-Pacific,16.0,Summer,7841.140208021177,8881.152362395032
electricity,Europe,10.0,Winter,4646.190274527895,4659.83919647805
rawMaterial,Europe,2.0,Summer,15103.184971396788,13772.719739757398
rawMaterial,Europe,5.0,Spring,14304.113021666235,15014.465378380066
electricity,Europe,13.0,Summer,7048.748670372009,8657.245990965768
electricity,India,6.0,Winter,2969.085533291954,3487.682808776923
diesel,India,24.0,Spring,1093.4233383471578,1335.353418268671
roadTransport,Asia-Pacific,18.0,Spring,4048.9303310213118,4904.5549957051235
roadTransport,Asia-Pacific,11.0,Autumn,2327.643218571476,2568.624796639462
roadTransport,India,15.0,Summer,1266.1161680299454,1471.625451880201
roadTransport,Europe,22.0,Spring,250.3518394127931,312.2886741552568
rawMaterial,USA,7.0,Spring,7016.434366212424,6730.338987144498
diesel,Europe,17.0,Winter,254.67677941274349,325.5895533617712
electricity,India,7.0,Summer,2154.480395482529,2545.667970835107
diesel,Europe,8.0,Spring,2258.07153099519,2168.945958376457
diesel,Asia-Pacific,3.0,Summer,1530.439209317271,1401.870527698099
diesel,Europe,13.0,Winter,264.1811506196511,344.92502269935454
rawMaterial,Asia-Pacific,4.0,Autumn,14029.418590762076,14153.412067636149
diesel,Europe,8.0,Winter,2118.8836039131165,2416.985650290166
electricity,Europe,7.0,Spring,5106.6596409983,5678.842101149172
diesel,Europe,4.0,Spring,182.62263116575846,191.0220844067521
roadTransport,Europe,13.0,Spring,1016.8999832657049,1229.7143245003285
electricity,USA,3.0,Winter,6094.928844848666,6167.34959888112
rawMaterial,USA,17.0,Autumn,25428.957384975147,27950.786665002455
roadTransport,Asia-Pacific,9.0,Summer,1080.661173646128,1062.6271753299277
electricity,Europe,11.0,Autumn,1538.7605560042255,1785.4132706603625
electricity,India,4.0,Summer,3469.6075584235623,4248.079133590915
rawMaterial,Europe,6.0,Autumn,22305.699313750865,22776.275639454718
diesel,USA,9.0,Autumn,1225.8632038867015,1185.4695509073665
roadTransport,Europe,5.0,Autumn,5931.082757613404,6325.098348737272
electricity,India,7.0,Summer,7677.778253337548,9154.551223750484
diesel,Asia-Pacific,19.0,Winter,1280.016398129318,1722.513934506388
diesel,Europe,11.0,Spring,713.9807240449318,779.3170533863178
electricity,USA,21.0,Summer,5774.422168325232,6517.791180827154
electricity,India,3.0,Winter,5069.518899236451,5930.637598194497
diesel,Europe,11.0,Spring,927.4637021521734,1027.127367673976
electricity,India,21.0,Summer,5349.863436652395,7413.5188154582365
roadTransport,Asia-Pacific,12.0,Spring,12049.789758274395,13086.60198021746
rawMaterial,USA,5.0,Spring,2132.3194324364745,2173.005092388904
roadTransport,USA,6.0,Spring,3944.6670218669706,4146.662843050212
diesel,Asia-Pacific,23.0,Summer,2228.7569796999246,2657.724191044473
roadTransport,Europe,10.0,Spring,2753.2422709802327,2789.007054733314
roadTransport,Europe,9.0,Spring,1802.656526819205,1757.5095623337909
rawMaterial,India,3.0,Spring,20371.05203177282,20607.452065580193
electricity,India,19.0,Summer,6705.630645600563,9364.165459317668
roadTransport,USA,19.0,Winter,1818.9734434955637,2196.3641856985796
diesel,Europe,1.0,Spring,2577.587103577047,2686.154259175513
roadTransport,India,24.0,Autumn,4524.044148905895,6189.9916982231325
diesel,India,22.0,Summer,197.57591250529802,243.09282532771556
rawMaterial,Asia-Pacific,13.0,Winter,14172.16555294467,15986.379016896646
electricity,Europe,19.0,Spring,4746.838094461357,5379.939839684837
rawMaterial,USA,16.0,Autumn,20345.251891810985,21713.134201578225
electricity,Europe,15.0,Summer,7020.379070644139,8546.002368768355
rawMaterial,India,14.0,Spring,16209.906555658112,18156.820316949816
diesel,Asia-Pacific,12.0,Winter,2649.4301587690866,3562.624554054342
electricity,Europe,14.0,Winter,4754.034244143205,5802.196291920264
roadTransport,Asia-Pacific,3.0,Autumn,2184.367492810903,2340.2185533856455
electricity,USA,22.0,Spring,7951.952114912351,9438.68471920237
electricity,Asia-Pacific,9.0,Autumn,3118.0773275446086,3116.225747794465
diesel,USA,20.0,Summer,919.072009829862,1132.477500815509
roadTransport,Asia-Pacific,14.0,Winter,2807.646245284811,3127.590770654805
roadTransport,Europe,22.0,Autumn,7317.173585416832,8495.208183023386
roadTransport,India,13.0,Winter,3617.8753391250934,4176.80169960492
electricity,USA,22.0,Winter,549.2733906312327,645.2097129372247
rawMaterial,Europe,17.0,Summer,17079.86213874872,19542.54129171329
rawMaterial,Asia-Pacific,15.0,Autumn,20537.004141017267,23960.743219196433
rawMaterial,USA,5.0,Winter,26644.38650428789,26276.813587301895
diesel,USA,11.0,Winter,1423.22228084594,1774.5784039240625
rawMaterial,Asia-Pacific,22.0,Winter,24665.053104967967,30372.078762604087
roadTransport,Asia-Pacific,19.0,Spring,3253.6952112425265,3827.807284555088
roadTransport,Asia-Pacific,16.0,Summer,5847.788448683066,6739.787003394247
rawMaterial,Europe,14.0,Spring,7029.66694861278,8501.398923120905
roadTransport,India,7.0,Winter,1706.459277184993,1636.9609138192911
roadTransport,USA,3.0,Summer,678.6126208545794,666.6970564677448
electricity,Asia-Pacific,14.0,Autumn,7327.58891036055,8391.932011117404
electricity,Asia-Pacific,6.0,Autumn,696.4990053907703,744.7003050327944
diesel,Europe,24.0,Summer,2547.448483882593,2880.82615451495
roadTransport,Asia-Pacific,6.0,Summer,3882.495146802252,4008.8200927140324
diesel,Europe,19.0,Autumn,987.1897036540595,1179.4032386641788
rawMaterial,India,12.0,Spring,9866.681246149361,11671.904567070434
roadTransport,India,19.0,Spring,3234.514557463085,3938.450254303093
diesel,Europe,15.0,Spring,463.0646288965696,511.02778574941385
electricity,Europe,1.0,Autumn,5888.748340465715,5972.576609536097
roadTransport,USA,2.0,Autumn,1255.9483472468573,1307.4320325690223
rawMaterial,Asia-Pacific,4.0,Summer,23688.075332250588,22237.526610542613
roadTransport,Asia-Pacific,17.0,Summer,3246.7660020828334,3685.287647921751
electricity,Europe,3.0,Spring,6573.3129789598,7023.754784141096
diesel,Europe,0.0,Summer,1007.0032645745024,1103.2900936899412
rawMaterial,Asia-Pacific,7.0,Summer,26919.83490625984,27751.749997127707
electricity,USA,11.0,Spring,5819.355181068525,6571.403541852762
rawMaterial,India,16.0,Summer,4137.558934021537,4804.143988715494
roadTransport,Europe,23.0,Summer,253.08313613450767,331.90493240819285
diesel,Asia-Pacific,17.0,Spring,2208.4604361649917,2719.882492250589
roadTransport,Asia-Pacific,3.0,Summer,627.1964679326124,569.4022920215525
electricity,USA,20.0,Autumn,6749.703761768905,8392.193672863552
rawMaterial,Europe,8.0,Summer,6828.05514715815,6063.755492752247
rawMaterial,USA,18.0,Summer,20705.644921613304,22658.676425362715
diesel,Europe,16.0,Autumn,1607.4160549627459,1698.1621291414529
rawMaterial,India,1.0,Spring,26232.796179919176,27060.630705854375
electricity,India,24.0,Autumn,1332.3113947214251,1780.9975734246734
rawMaterial,India,6.0,Spring,13510.335426944232,12997.065875523844
electricity,Asia-Pacific,19.0,Winter,2444.18045513367,2987.7019620553056
roadTransport,India,18.0,Autumn,11782.887876940411,13223.04088865134
roadTransport,Europe,1.0,Autumn,3394.6907986721694,3392.7933166496664
rawMaterial,Europe,1.0,Spring,6279.82767689748,6288.012502412847
diesel,Asia-Pacific,24.0,Autumn,818.1801372573575,997.1960655060013
electricity,Europe,1.0,Summer,4450.0110964392525,4314.553519647807
diesel,India,2.0,Winter,286.5732463947382,352.24700143594583
rawMaterial,USA,20.0,Spring,6156.039855316613,7179.154059804151
diesel,Europe,6.0,Summer,665.6990540707508,678.0247758727859
electricity,India,17.0,Spring,3910.446757323165,5385.495147467445
electricity,India,12.0,Winter,2689.453146628795,3665.748130468698
roadTransport,Asia-Pacific,16.0,Autumn,4434.013569980437,5034.26064744131
diesel,Europe,6.0,Summer,755.3855463552878,770.4040274318191
rawMaterial,India,11.0,Winter,25394.64188904794,26999.50564339324
roadTransport,India,15.0,Spring,9654.318847705094,11492.18008852377
diesel,USA,3.0,Spring,1901.6235044257073,1917.0468992335516
roadTransport,Asia-Pacific,24.0,Autumn,2641.103777171623,3117.0338396434495
rawMaterial,Europe,16.0,Autumn,15459.018155421249,17693.23932158555
rawMaterial,Asia-Pacific,21.0,Spring,20192.72549293169,24827.849860186405
diesel,India,16.0,Spring,1954.0233103142418,2367.679947269757
rawMaterial,Asia-Pacific,19.0,Spring,17327.055932456467,21877.774706116208
rawMaterial,USA,8.0,Winter,24244.508959620092,24092.422501342415
rawMaterial,Asia-Pacific,10.0,Autumn,14374.14992296008,13413.063774472139
diesel,India,16.0,Winter,584.9868679029844,741.7758315910382
rawMaterial,India,5.0,Winter,3908.4713160783053,3623.587514857295
roadTransport,Europe,23.0,Spring,104.18181979459825,125.26740064560921
rawMaterial,Europe,12.0,Summer,17060.1609121437,18719.39497142213
electricity,Europe,15.0,Winter,2821.419189646649,3281.177936294674
rawMaterial,Asia-Pacific,22.0,Autumn,24235.91183900908,30464.843916349735
electricity,Europe,7.0,Summer,7701.0906475458205,8236.877844334696
diesel,USA,9.0,Summer,1491.5288914835767,1475.7004654746142
diesel,Europe,4.0,Autumn,2115.795234143277,2119.081426619828
diesel,Europe,24.0,Autumn,2634.2740630066405,3240.0791982411292
rawMaterial,Europe,14.0,Winter,24124.714188348942,28339.94379677437
rawMaterial,India,19.0,Summer,16879.931397929548,19753.807925530324
electricity,Asia-Pacific,13.0,Winter,3189.44283155194,3723.0665424820045
electricity,India,1.0,Spring,6712.914059051529,8008.39840952019
electricity,India,23.0,Winter,1424.2148423901565,2105.3496004155963
rawMaterial,Asia-Pacific,16.0,Autumn,10185.41069638663,12650.266228688579
rawMaterial,Asia-Pacific,22.0,Spring,27672.134880709982,33214.652627255484
electricity,USA,19.0,Spring,4231.84947194845,5372.190892675938
rawMaterial,Asia-Pacific,3.0,Spring,594.56039575162,577.0233791789033
electricity,Asia-Pacific,0.0,Winter,4775.359110465425,4854.400592489758
diesel,Europe,23.0,Spring,275.65602665087715,339.01897033746997
electricity,India,12.0,Winter,932.148735702302,1120.6459377099397
rawMaterial,Europe,6.0,Winter,4105.980913656063,3942.620836702332
roadTransport,Europe,18.0,Autumn,5534.283191413307,7100.723016905003
electricity,Asia-Pacific,13.0,Summer,7627.879926954918,8064.847590943861
rawMaterial,USA,17.0,Summer,29187.314191823833,34913.91579527363
roadTransport,India,11.0,Winter,2700.862469544863,2828.7398354945276
diesel,Asia-Pacific,12.0,Summer,2351.2904985310347,2785.6518702637245
electricity,USA,14.0,Winter,4039.1374947447093,4783.54806917301
electricity,Asia-Pacific,23.0,Winter,1676.8744282994357,1952.2435145557508
diesel,Europe,4.0,Winter,2150.998096083042,2472.178123309059
diesel,USA,11.0,Summer,462.27437959885464,508.6506358111891
electricity,India,19.0,Spring,3292.7521007995874,4226.916116393519
diesel,USA,10.0,Winter,259.4974295146061,305.18801766303756
roadTransport,India,2.0,Summer,8259.408298427907,8265.615259007242
diesel,Asia-Pacific,4.0,Autumn,2290.8628855299125,2361.8892201362914
roadTransport,India,20.0,Winter,5741.05870365108,6796.91195164609
diesel,India,17.0,Spring,950.6661980992488,1087.6609557539516
roadTransport,India,18.0,Winter,2125.192482706268,2611.401412894651
electricity,India,22.0,Spring,439.17428780090864,598.5398190592608
rawMaterial,Europe,21.0,Winter,11914.849646577362,13274.018202758958
electricity,India,3.0,Autumn,675.6054862769754,801.4596090516308
roadTransport,India,1.0,Autumn,781.4341080211176,796.2377437593863
electricity,Asia-Pacific,19.0,Summer,1033.4537184766464,1219.5750772661768
electricity,India,2.0,Autumn,1239.725652477733,1529.5953608493412
electricity,Europe,21.0,Spring,6806.696892763267,8289.321822851689
diesel,USA,8.0,Winter,804.7252654242764,933.6678444857699
electricity,USA,13.0,Summer,2972.877084819277,3220.2058001015293
roadTransport,USA,20.0,Winter,6380.033079016336,7016.305866912787
roadTransport,USA,0.0,Autumn,3789.414676989616,4185.44352961909
roadTransport,India,5.0,Autumn,2138.231237471117,2158.299547748896
diesel,Europe,20.0,Summer,1300.27852791441,1650.191656139783
roadTransport,Europe,2.0,Summer,6440.406874827031,6319.516818870175
rawMaterial,USA,6.0,Autumn,26584.290288945427,26242.776490005293
rawMaterial,India,22.0,Summer,12257.771599820418,13912.257586202773
roadTransport,USA,21.0,Summer,6693.308034887281,7901.696499165997
electricity,Europe,16.0,Autumn,3746.7903686483423,4258.546483611047
diesel,India,21.0,Autumn,513.5975978974708,647.2169550946277
roadTransport,India,22.0,Autumn,2825.2171435743444,3374.7638144101984
rawMaterial,USA,16.0,Summer,18675.79485811055,21709.430601883345
roadTransport,USA,23.0,Summer,421.7506357235166,545.4588140192317
diesel,India,12.0,Summer,829.1313137907381,1020.6758578640199
diesel,Europe,9.0,Spring,2295.734447504291,2159.2597934658243
electricity,Europe,16.0,Summer,6195.873428716257,7345.964575429764
roadTransport,Asia-Pacific,17.0,Spring,3798.6714362825437,4301.486804541276
rawMaterial,USA,0.0,Winter,13241.4678268257,13880.152972234464
diesel,India,19.0,Winter,2102.761262909711,2948.7086532354583
diesel,India,12.0,Summer,1013.4398296501294,1156.0292211325575
rawMaterial,Europe,13.0,Summer,24797.136111866814,27500.989424947566
electricity,USA,18.0,Spring,3013.392382872054,3680.1777759916695
diesel,Europe,10.0,Winter,2652.183589096052,3114.125910172164
diesel,USA,24.0,Winter,832.0466412241941,1318.4694754027666
rawMaterial,India,5.0,Autumn,10641.190045866228,10945.115314862413
electricity,USA,8.0,Autumn,5094.653814252617,5448.896199271238
diesel,Asia-Pacific,20.0,Summer,666.3300081361267,751.6993433623746
rawMaterial,India,16.0,Winter,21888.645350155373,25183.571957074735
diesel,India,20.0,Winter,2484.6770303802064,3362.720722495533
diesel,Europe,17.0,Autumn,2268.9098748864135,2511.583146632492
diesel,USA,0.0,Summer,2543.7951648925728,2638.4756595285585
rawMaterial,India,15.0,Winter,629.5484279498489,701.4451153280165
rawMaterial,India,5.0,Summer,3606.6605912419573,3567.693612550797
rawMaterial,Asia-Pacific,12.0,Spring,12866.457210544624,13976.530104215013
diesel,Europe,22.0,Autumn,2195.2091914811217,2835.724488141252
diesel,Europe,4.0,Spring,319.04876877070467,321.9536375541456
roadTransport,India,22.0,Spring,4654.822483067691,6241.277749762073
diesel,USA,21.0,Spring,1633.0708712928647,1837.0903679593619
rawMaterial,Asia-Pacific,7.0,Summer,23882.34724643096,23282.66653224872
diesel,Europe,7.0,Winter,2151.7092820192925,2476.149525331551
electricity,India,20.0,Winter,942.459858685911,1156.1702772752433
rawMaterial,India,6.0,Autumn,15305.253126047102,16072.253721143132
roadTransport,Europe,23.0,Autumn,4233.02981408971,5728.440863007905
electricity,USA,5.0,Spring,996.3707574180739,991.5228581715855
electricity,USA,0.0,Summer,4190.122853281237,4174.1503108419
rawMaterial,Asia-Pacific,7.0,Spring,16499.043575224277,17733.898218482223
diesel,India,24.0,Winter,581.6119631633628,817.4106707784421
roadTransport,Asia-Pacific,13.0,Winter,4853.363006211951,5430.2716888185705
diesel,Asia-Pacific,9.0,Winter,2516.987533501305,3062.740577234509
electricity,Asia-Pacific,23.0,Spring,668.426688917478,795.3370111770897
roadTransport,Europe,18.0,Spring,9301.533771453802,11356.534308563918
electricity,USA,0.0,Winter,5051.340677317863,5228.091058755212
diesel,USA,3.0,Summer,1492.3128602984714,1600.6328280611801
roadTransport,Asia-Pacific,11.0,Winter,256.3956333519505,277.62222740628806
roadTransport,USA,7.0,Spring,1694.4337442953238,1701.9180879404569
electricity,Europe,22.0,Winter,5445.694202557705,6679.525315176861
diesel,Europe,3.0,Autumn,1777.9785377223925,1899.2058121918724
diesel,USA,2.0,Summer,2394.5980803839047,2451.641365750311
diesel,USA,20.0,Spring,2398.000298143298,2872.3402138406836
roadTransport,Europe,23.0,Winter,1073.7878868319278,1446.4778819473452
diesel,Europe,5.0,Autumn,2451.9066340658837,2456.8509529406156
electricity,Asia-Pacific,4.0,Winter,6016.181980398383,5480.313161392606
rawMaterial,USA,6.0,Summer,10743.75952259944,11351.565046294678
roadTransport,India,22.0,Autumn,165.66591579523816,190.55971875947787
roadTransport,USA,7.0,Spring,2489.2178055954696,2324.871166422618
rawMaterial,Asia-Pacific,18.0,Summer,3845.472678726504,4625.189808733289
diesel,USA,22.0,Spring,397.77545192407945,498.5696685301754
electricity,Europe,6.0,Winter,5806.767935076797,5535.4307171963555
roadTransport,Europe,24.0,Spring,4337.831826579421,5430.983764133844
roadTransport,Asia-Pacific,8.0,Spring,911.5698223089556,886.151746357397
roadTransport,India,21.0,Autumn,7453.051091628392,7897.163086078366
diesel,Asia-Pacific,8.0,Summer,1349.1488524296171,1343.9580859818302
diesel,USA,8.0,Autumn,775.6064389041809,753.9502007986606
rawMaterial,Europe,23.0,Summer,24051.82395313713,29244.22110074652
electricity,India,7.0,Autumn,7845.246730525954,8476.093732734122
electricity,Europe,19.0,Summer,5977.415231098293,7200.497718089952
electricity,India,14.0,Winter,2847.846359143712,3678.88990552642
diesel,USA,23.0,Winter,657.5326447051882,1070.155383539873
electricity,India,3.0,Winter,7876.841782270299,9450.119295550476
roadTransport,India,9.0,Spring,10228.81849261403,9649.80454542458
electricity,Asia-Pacific,7.0,Autumn,1627.2758371304599,1501.3596905169109
electricity,India,22.0,Autumn,3613.461154900635,5000.922391887522
diesel,USA,14.0,Winter,316.5749861730386,441.66000688564503
rawMaterial,USA,11.0,Autumn,4717.910017534814,5324.680933150653
roadTransport,Asia-Pacific,1.0,Autumn,6448.90035935746,6503.531600917743
electricity,India,23.0,Spring,4039.8809683700047,5561.85903367686
roadTransport,USA,9.0,Spring,4036.137464658853,4202.13833389241
rawMaterial,Europe,20.0,Summer,26219.601690086405,29400.232404792103
diesel,India,3.0,Autumn,2565.149201683571,2299.382414741801
diesel,USA,4.0,Summer,2254.433659891813,2231.3333264950534
diesel,Asia-Pacific,12.0,Autumn,724.5916791937228,816.1810022912113
roadTransport,Asia-Pacific,19.0,Summer,9757.74716674161,11612.766218885365
diesel,Asia-Pacific,17.0,Spring,899.1411239292108,1029.7912240720557
roadTransport,USA,13.0,Summer,906.4502364689168,996.6139381720534
electricity,Europe,21.0,Winter,6497.574536020673,8633.156510834473
electricity,Europe,3.0,Autumn,6304.628913820303,5861.527352075431
roadTransport,India,17.0,Summer,5447.924898283163,5939.133514013688
diesel,Asia-Pacific,14.0,Winter,2159.2282024438205,2610.6687483690644
roadTransport,USA,15.0,Summer,240.35328326369194,277.228213682217
diesel,Europe,24.0,Summer,1615.213435416886,1962.6793855665846
diesel,Europe,19.0,Winter,1915.4523817392935,2693.4368313706823
rawMaterial,USA,19.0,Spring,18705.73149287708,21391.815458481353
diesel,Asia-Pacific,11.0,Autumn,1961.9758936158998,2055.65219756127
electricity,Europe,21.0,Summer,7709.3055591996,8818.444497587894
diesel,Europe,5.0,Autumn,646.8827422701911,633.8319498020253
diesel,India,20.0,Spring,1051.6084589703541,1313.798130262062
roadTransport,USA,20.0,Autumn,1106.9485671325424,1383.402240652058
electricity,Europe,18.0,Summer,7391.608776430164,8845.492747165657
rawMaterial,Europe,17.0,Spring,24541.926678090826,27657.313877876564
electricity,India,9.0,Spring,4813.000077466884,5216.699929094344
diesel,India,20.0,Winter,626.3419407520746,928.6702884133767
rawMaterial,Asia-Pacific,22.0,Spring,19828.82342211933,24342.79365225644
diesel,USA,5.0,Winter,787.6641170155848,955.7755927415773
electricity,India,19.0,Winter,6124.4195693675965,7859.481992884646
rawMaterial,India,18.0,Spring,3905.6681779090327,4864.064762748216
electricity,Europe,18.0,Autumn,6475.3045842773345,8344.410441681164
electricity,Europe,0.0,Spring,7438.092182201043,7927.52140721738
diesel,USA,16.0,Spring,1614.5201563028882,1822.3904004356807
diesel,USA,16.0,Spring,1393.343104298091,1619.4233868265828
electricity,India,12.0,Autumn,1178.7243471994052,1349.406078772821
rawMaterial,Europe,20.0,Summer,5225.56365529834,6204.260085815006
rawMaterial,Asia-Pacific,2.0,Summer,2668.3241324863875,2569.6174840065705
electricity,Asia-Pacific,23.0,Summer,4568.067851545467,5294.407307365294
roadTransport,USA,17.0,Autumn,104.920889008916,127.20037079323714
rawMaterial,USA,15.0,Winter,16554.53761745934,17413.552621638635
rawMaterial,Europe,3.0,Summer,11819.430965697346,12080.601200995286
diesel,India,18.0,Winter,1670.878959392245,2269.0949909302344
rawMaterial,USA,21.0,Winter,8647.429361894687,10746.231021830268
diesel,India,7.0,Spring,342.0182811472744,365.5642883535647
diesel,India,23.0,Winter,647.5398031058808,961.2992711301522
diesel,Asia-Pacific,8.0,Summer,1353.5944206769568,1303.5009893420522
roadTransport,Asia-Pacific,10.0,Summer,2516.9557233098894,2538.916233629638
roadTransport,Asia-Pacific,9.0,Spring,8352.72077594676,8985.572222378083
diesel,USA,3.0,Summer,2079.1364875675567,2022.8154624185931
electricity,USA,12.0,Spring,3612.0076806762227,3955.2765008944616
rawMaterial,Asia-Pacific,11.0,Winter,5789.302958015497,6264.277115985502
rawMaterial,India,19.0,Spring,8992.7010219528,11115.017131857796
electricity,Europe,14.0,Summer,6593.443426761782,7188.465369492604
roadTransport,Europe,6.0,Summer,6357.898160616985,5722.6344710726335
electricity,Europe,9.0,Spring,4179.279918763932,4031.8941177324386
roadTransport,India,5.0,Summer,4780.279896196248,5081.799678993903
rawMaterial,USA,20.0,Winter,5419.131130254732,6799.297973651657
diesel,India,15.0,Autumn,1255.1545434886045,1420.997441955556
electricity,Asia-Pacific,21.0,Summer,6265.091706504496,7765.258842236589
roadTransport,Asia-Pacific,18.0,Winter,3361.8073501442786,4325.495827422455
rawMaterial,India,12.0,Autumn,24757.28879645344,28495.35245073768
diesel,Asia-Pacific,18.0,Autumn,1377.0619155375143,1695.2172234742904
diesel,USA,2.0,Summer,2366.9114326321283,2269.928806101994
diesel,Europe,13.0,Winter,1169.5195687180546,1638.5228868399201
roadTransport,Europe,9.0,Spring,10143.45983488522,9435.68019603012
electricity,India,14.0,Winter,1059.5112149803144,1392.1064728873782
electricity,Asia-Pacific,15.0,Winter,656.0160846206165,796.1576408723557
roadTransport,Europe,2.0,Spring,504.28813658231417,476.6349002758674
rawMaterial,Europe,22.0,Autumn,5581.500450914654,6580.638875315246
roadTransport,USA,18.0,Winter,2118.500869451801,2517.307514458862
rawMaterial,Europe,13.0,Summer,14696.574056621746,16805.167801464777
diesel,India,13.0,Spring,766.7726611246813,875.7964509045695
diesel,Asia-Pacific,14.0,Spring,206.01342742883438,230.71543946065145
roadTransport,India,2.0,Winter,691.6851325934242,677.737454690791
diesel,India,1.0,Winter,962.4440183869158,1216.8863920502386
electricity,Asia-Pacific,4.0,Autumn,3680.78411287969,3933.922619353049
rawMaterial,Europe,19.0,Winter,27628.086589140166,33856.28090235865
electricity,Europe,10.0,Summer,6000.909187715734,5649.010535959516
diesel,USA,17.0,Autumn,639.1400567284795,762.9770418756934
diesel,India,22.0,Summer,659.3387848699983,802.448188457035
electricity,Europe,13.0,Autumn,3760.6213514039096,4204.687081671248
diesel,Asia-Pacific,5.0,Summer,2621.267387165965,2665.6081999817657
roadTransport,India,18.0,Spring,3294.9728606895765,3667.5404195282845
roadTransport,Europe,2.0,Winter,1667.0102047184623,1806.7059209357801
diesel,Asia-Pacific,22.0,Summer,1643.1982740878968,1986.367154084913
electricity,USA,21.0,Autumn,4094.000406920939,5110.0085443821545
roadTransport,Europe,16.0,Winter,7210.754624534476,8956.97426929083
roadTransport,India,14.0,Summer,1307.4425175101587,1623.7699830575266
rawMaterial,India,19.0,Summer,25294.93936516723,28072.841884590747
roadTransport,Asia-Pacific,21.0,Summer,245.03121559714668,291.9894674981885
electricity,Europe,12.0,Summer,3662.502659577661,3937.7913566533266
rawMaterial,Asia-Pacific,2.0,Autumn,20483.27164233634,20431.11797849235
diesel,USA,14.0,Spring,2404.6958866302525,2818.53610329244
rawMaterial,Europe,15.0,Autumn,16281.581947439934,21265.717490759827
diesel,India,14.0,Autumn,1840.845760527663,1935.6138276637278
electricity,Europe,5.0,Autumn,2029.4502784779272,2080.444909468651
roadTransport,India,17.0,Autumn,4680.233793375976,5807.736313044775
electricity,USA,7.0,Autumn,7055.741110804083,7593.248108472075
electricity,Europe,22.0,Autumn,3724.689658821174,4393.493827428588
roadTransport,India,0.0,Spring,2543.9487286676235,2874.8623377276062
rawMaterial,Asia-Pacific,14.0,Spring,9341.906294554434,11347.178271082199
rawMaterial,Asia-Pacific,1.0,Winter,25643.643898341983,25443.857403407474
electricity,Europe,23.0,Summer,1507.0944384814884,1827.0382774619109
electricity,Europe,9.0,Spring,3615.4659074082447,3595.479546461302
roadTransport,USA,17.0,Winter,5208.5960362836595,6652.129388951233
rawMaterial,USA,4.0,Spring,6273.729035918479,6191.635730435353
electricity,Asia-Pacific,24.0,Summer,4943.682788203294,6281.537210235907
rawMaterial,USA,24.0,Winter,17190.94924021272,20515.47344223567
electricity,USA,2.0,Summer,6944.610463374418,6390.074985808507
roadTransport,Europe,5.0,Autumn,9205.523744562232,9824.44882603662
electricity,USA,22.0,Summer,5187.148993176846,6621.087510987986
diesel,Europe,19.0,Winter,453.0160822499541,651.4532437646841
diesel,Asia-Pacific,17.0,Autumn,322.07408399241257,341.7648254984293
rawMaterial,USA,4.0,Winter,2226.738873324854,2167.414511684373
rawMaterial,India,11.0,Autumn,1120.459808984718,1192.763877371524
diesel,Asia-Pacific,11.0,Autumn,923.3156204661967,948.514069394898
electricity,Asia-Pacific,12.0,Autumn,3871.7386023252952,4368.092395081242
diesel,Asia-Pacific,11.0,Spring,878.2709473353448,1057.0486611847164
rawMaterial,India,22.0,Summer,10489.732490334512,12383.960182850085
electricity,Europe,20.0,Winter,625.2357977475535,732.3304017740593
diesel,USA,22.0,Autumn,1218.85099203527,1525.3375319854006
roadTransport,USA,6.0,Spring,1869.5846538048686,1839.8740986113576
electricity,Asia-Pacific,16.0,Autumn,6079.997212110644,7106.2354124791
diesel,Europe,22.0,Winter,371.44026598039767,521.4238085749199
diesel,Europe,1.0,Winter,149.60353606063128,185.05228660294708
roadTransport,Asia-Pacific,2.0,Winter,6915.227549566763,7119.603825892174
rawMaterial,USA,3.0,Winter,11184.261645688814,11096.795530797204
rawMaterial,India,15.0,Autumn,1086.4711600491037,1240.1820401522043
diesel,USA,21.0,Summer,2630.455614063828,3263.2598789889134
roadTransport,India,15.0,Summer,1624.78937538391,1993.454336025681
electricity,Asia-Pacific,8.0,Spring,5385.778806493163,5592.320173776295
roadTransport,Europe,21.0,Winter,5834.603898056684,7427.757253429062
roadTransport,Europe,19.0,Summer,416.6254902010549,501.5672867679439
rawMaterial,USA,1.0,Winter,3843.9508079370607,3623.86789824773
rawMaterial,USA,16.0,Autumn,9935.022116189326,12019.372386409688
roadTransport,India,15.0,Autumn,3920.447445801904,4980.992927675708
roadTransport,Asia-Pacific,7.0,Spring,2867.1872410835017,2587.8036038760124
electricity,Europe,17.0,Spring,1580.1740356873518,1762.2410925376596
electricity,Europe,2.0,Winter,4922.124074422675,5026.798060615262
diesel,Europe,11.0,Winter,833.062083200253,1138.6867500176634
roadTransport,India,23.0,Winter,5369.143164335883,6387.230460611395
diesel,Europe,5.0,Autumn,1560.9654856137356,1580.6339442877884
electricity,Asia-Pacific,16.0,Spring,1820.4799841133624,2175.012786122929
rawMaterial,USA,14.0,Winter,24208.557903228673,28961.966245469226
rawMaterial,Europe,18.0,Winter,25345.63859978447,30576.810821394087
diesel,Europe,15.0,Summer,2230.859692338424,2468.191207732961
rawMaterial,USA,16.0,Summer,8522.396446521394,9753.430911761267
diesel,USA,12.0,Winter,2329.9276501138106,3033.010959107744
diesel,India,7.0,Spring,2622.432249408181,2652.6086626973233
electricity,Europe,3.0,Spring,3749.166679666191,3848.8523879270147
electricity,Asia-Pacific,9.0,Spring,6919.286324504219,7143.329173775904
diesel,Europe,6.0,Autumn,2544.797280520839,2460.104511871384
electricity,Asia-Pacific,12.0,Summer,4826.145040897859,5337.430430333565
diesel,Asia-Pacific,7.0,Summer,1877.6395039895199,1930.3822253200533
roadTransport,India,6.0,Summer,2290.7760732593847,2320.8576703911276
rawMaterial,Europe,22.0,Winter,25098.692398960742,32377.249294424822
diesel,USA,0.0,Spring,2667.404307812164,2411.9827065488084
diesel,Europe,18.0,Spring,2388.3270940664306,2705.9928527759403
diesel,Europe,19.0,Autumn,1984.2814790738478,2187.376655507308
rawMaterial,USA,22.0,Spring,20039.876528818495,23733.860051561634
diesel,USA,17.0,Summer,1331.2065652987287,1419.883313919662
diesel,Asia-Pacific,19.0,Summer,1770.5247266674066,1996.216899124
rawMaterial,Europe,16.0,Autumn,9806.460638208437,11980.644439884076
electricity,Europe,1.0,Summer,4785.117434285318,4861.321960329261
roadTransport,India,23.0,Autumn,3607.9289354355355,4861.984705833921
diesel,India,18.0,Autumn,1543.112907520885,1904.9949728298673
rawMaterial,USA,4.0,Spring,25138.54015141804,22764.55230305039
diesel,India,5.0,Autumn,2645.5960749489896,2410.906840911051
diesel,Asia-Pacific,11.0,Autumn,2225.6418130725842,2392.6963820822566
electricity,India,19.0,Winter,7937.621051956306,10885.14437565077
electricity,Europe,16.0,Spring,1185.479219984191,1329.1729558787547
roadTransport,India,14.0,Autumn,8312.380671029416,9376.470496878994
electricity,Asia-Pacific,24.0,Summer,6988.055382357969,8753.361457630592
rawMaterial,Asia-Pacific,5.0,Summer,14650.381827815512,14204.313224557503
diesel,USA,16.0,Autumn,1906.6030911124699,2146.706006132526
electricity,Asia-Pacific,9.0,Summer,7193.786119812877,7383.307432586506
diesel,Asia-Pacific,22.0,Summer,2298.2014708126712,2570.3885084814497
electricity,USA,1.0,Summer,6069.213323832528,5972.415955704197
rawMaterial,India,3.0,Spring,28780.195960806795,26775.86935539221
roadTransport,India,18.0,Spring,154.8587496165555,167.53135369431027
roadTransport,USA,15.0,Spring,600.0378738316117,653.8615830325671
roadTransport,Asia-Pacific,7.0,Winter,6381.793433924207,6354.806247096505
roadTransport,Asia-Pacific,24.0,Summer,1209.3990783646716,1465.173222483357
roadTransport,Europe,9.0,Autumn,11676.750922910689,11386.565744113284
electricity,Europe,2.0,Winter,2880.004663338223,2742.749760408699
diesel,USA,12.0,Winter,2429.14665273073,3129.913166986557
electricity,USA,4.0,Winter,6565.391706102097,6218.509944972043
electricity,USA,15.0,Winter,582.3823737441207,722.7714145829398
diesel,USA,7.0,Autumn,2231.4215887073738,2277.7156549811093
roadTransport,USA,8.0,Summer,3207.338080856523,3069.4505320891026
electricity,USA,24.0,Spring,2072.7589955298695,2737.232644326225
diesel,India,15.0,Spring,1701.8078376501273,2021.8317842879846
diesel,India,3.0,Autumn,492.93339197683053,546.1138635270073
rawMaterial,Asia-Pacific,15.0,Spring,3923.87325090702,4446.830999820118
roadTransport,USA,22.0,Spring,4681.4755566450385,5655.014086256801
rawMaterial,India,8.0,Summer,20068.47529872882,19859.310833993906
diesel,Europe,2.0,Summer,759.0476108759432,781.2394718580134
roadTransport,USA,21.0,Winter,4577.886945709835,5449.5990166410775
electricity,India,12.0,Spring,7081.15422509331,9040.981771273786
electricity,India,5.0,Summer,3187.572982532295,3866.861952908822
diesel,Asia-Pacific,12.0,Autumn,1508.7081865056448,1590.7392153548078
rawMaterial,India,3.0,Winter,15094.233272538251,14892.48599726748
roadTransport,India,16.0,Winter,412.821739182444,489.6098722279353
rawMaterial,India,17.0,Autumn,25817.92664115253,28637.16060747132
electricity,India,17.0,Winter,3310.5116052221183,4180.161391905038
rawMaterial,Asia-Pacific,23.0,Spring,5338.862518163239,6683.316185668397
electricity,Europe,3.0,Spring,6531.902813738843,6660.256077968253
electricity,USA,7.0,Spring,2222.1992791310827,2166.3919975830204
diesel,India,4.0,Autumn,988.6772863222379,1012.3679635010882
diesel,USA,9.0,Winter,336.3348612655433,358.04743618902745
electricity,Asia-Pacific,15.0,Winter,5869.0726130729745,6717.088744688597
rawMaterial,India,1.0,Summer,11170.681307991154,11845.455535568106
rawMaterial,India,18.0,Winter,16519.099058385815,17399.144956433087
electricity,USA,6.0,Winter,6100.335601914647,5612.903764208537
rawMaterial,Asia-Pacific,22.0,Winter,13868.176853701201,16371.131353445462
rawMaterial,India,14.0,Summer,22784.4975905276,25603.781738107144
rawMaterial,India,13.0,Summer,23362.46142882658,27423.78959596976
electricity,India,5.0,Spring,966.5050036387725,1116.3052289933876
electricity,USA,18.0,Spring,2842.3069140445664,3651.974497412392
electricity,Asia-Pacific,1.0,Spring,2566.116834618385,2462.771416401809
diesel,India,1.0,Winter,655.8789353982638,845.6952325852731
diesel,India,21.0,Summer,653.0742603145917,779.265762938811
electricity,USA,0.0,Summer,3432.7351468803954,3518.2873182949843
rawMaterial,USA,8.0,Summer,11978.602412663005,11466.156470741704
electricity,USA,7.0,Summer,7329.917352539725,7575.604236584191
electricity,USA,14.0,Summer,6886.883474290219,8069.130597446163
rawMaterial,Asia-Pacific,10.0,Autumn,5561.664317296827,5392.461781126761
roadTransport,USA,5.0,Autumn,85.1635824970836,90.69866709128387
roadTransport,Asia-Pacific,17.0,Spring,6427.261045280192,7251.4194609354645
electricity,USA,13.0,Winter,4037.272668945677,4579.74104582447
electricity,India,3.0,Winter,4867.966075254054,4915.91586695678
diesel,Europe,7.0,Summer,221.4097077297044,210.97960724400718
diesel,Europe,13.0,Autumn,747.6668047025936,853.0178003312718
rawMaterial,Europe,6.0,Spring,13431.029425637402,14284.309971582476
roadTransport,India,24.0,Winter,4635.693827154762,6061.129020574976
rawMaterial,India,2.0,Autumn,7123.277395273747,6769.63428241088
rawMaterial,Asia-Pacific,13.0,Summer,27475.860080407838,31765.730326862213
diesel,USA,21.0,Autumn,949.865522734142,1172.8207062650429
roadTransport,India,20.0,Winter,1661.38672638668,1959.0598479798416
roadTransport,USA,18.0,Winter,13200.088745344523,16524.70725735955
roadTransport,USA,18.0,Winter,386.4144889755817,479.55805172369503
diesel,India,3.0,Spring,467.9237462155488,474.9793843991156
roadTransport,Europe,21.0,Spring,359.1915303546871,428.99965365627367
diesel,USA,1.0,Winter,2487.4512300324673,3100.644074813065
rawMaterial,India,22.0,Winter,27782.212227017466,34443.85522008818
diesel,Europe,23.0,Summer,417.9638845353684,540.9241427062911
diesel,India,22.0,Autumn,494.77797161768876,631.7909465497955
rawMaterial,India,23.0,Autumn,12065.305596192546,15997.21183752554
electricity,USA,10.0,Winter,6751.487455310553,6937.673062578521
electricity,USA,23.0,Autumn,2381.1987833369917,2907.437979238952
rawMaterial,Europe,18.0,Autumn,15818.335269052415,19242.88751231151
roadTransport,Asia-Pacific,11.0,Autumn,2334.6831617213466,2594.891248003159
rawMaterial,India,13.0,Autumn,6495.294163407187,7365.843697246651
diesel,USA,1.0,Summer,188.45600363475313,184.35658991418524
diesel,Europe,0.0,Autumn,1297.2535369852617,1201.3863543169844
diesel,USA,2.0,Autumn,753.8339144801156,734.3045632719836
electricity,USA,18.0,Spring,553.6024935687798,635.6707467880583
roadTransport,India,20.0,Autumn,2579.4058021061214,3332.8208016669655
electricity,Europe,17.0,Autumn,1450.4188910765365,1522.1596548119255
rawMaterial,India,0.0,Winter,3766.045576394524,3708.200602162764
diesel,Europe,16.0,Spring,893.2103210922664,1033.6383144805088
rawMaterial,Asia-Pacific,6.0,Summer,23413.14662391999,24589.56560160368
rawMaterial,Asia-Pacific,14.0,Winter,12669.814003160542,15597.094647911348
electricity,Europe,20.0,Summer,7702.01257951111,9287.729691934223
electricity,Europe,9.0,Winter,2471.973243237609,2584.7589832811764
electricity,India,12.0,Autumn,4115.321168878249,5434.146481776748
diesel,Asia-Pacific,1.0,Winter,993.4207675649056,1311.6974016134252
roadTransport,USA,13.0,Spring,2535.893691930841,2810.238131024934
rawMaterial,India,3.0,Winter,16691.378782543085,17248.322879053325
rawMaterial,India,15.0,Summer,9815.179937177496,11060.658932359313
diesel,India,13.0,Winter,670.1310330463095,913.8486115920326
diesel,Europe,1.0,Winter,781.7545705838305,943.7360196340601
electricity,USA,6.0,Autumn,7421.230354465451,7343.353125434518
diesel,India,11.0,Summer,1701.0702647118428,1917.4614160037497
diesel,India,1.0,Autumn,2530.3449201864437,2411.2099105937505
rawMaterial,USA,6.0,Autumn,15400.15192158166,14962.935569986626
rawMaterial,Asia-Pacific,15.0,Spring,9001.608226274273,10617.138184364572
diesel,Europe,0.0,Spring,235.34526948343438,227.8124968959266
diesel,USA,5.0,Autumn,2194.175583457418,2249.908991713831
electricity,Europe,14.0,Spring,6298.253469238854,7856.12674355994
rawMaterial,Europe,14.0,Summer,7728.355873595132,8098.005980372989
electricity,Europe,15.0,Winter,418.79196948519564,473.9835394657078
electricity,India,5.0,Autumn,2879.5382899655256,3420.8877805579673
roadTransport,Europe,17.0,Winter,1855.617925088692,2045.0029082439385
electricity,USA,4.0,Winter,6701.668296267537,6582.752933222541
diesel,USA,24.0,Summer,1000.21346491601,1255.423705148596
roadTransport,India,9.0,Summer,2588.053242847086,2575.451881439783
roadTransport,Europe,23.0,Summer,3775.366303865842,4697.896129054935
electricity,Europe,6.0,Winter,2893.8555916159767,2803.5909519147517
rawMaterial,Asia-Pacific,12.0,Winter,21696.473066502247,23154.29105892765
electricity,Europe,9.0,Summer,4887.3468302056,4682.605291354357
diesel,Asia-Pacific,18.0,Spring,602.3301258394397,699.5283054019102
roadTransport,India,1.0,Spring,10970.04383506842,10957.446988410353
diesel,Europe,7.0,Spring,1642.366092252395,1583.9537071611105
electricity,India,17.0,Winter,6394.650187864804,8692.111527468847
rawMaterial,India,10.0,Autumn,27698.389573430286,29663.67952097868
roadTransport,India,2.0,Summer,878.0410071946992,792.4500012508365
diesel,USA,13.0,Summer,801.8561545214511,938.9996596395677
electricity,Europe,20.0,Spring,5811.787309306769,6638.133473224733
diesel,Europe,24.0,Winter,1735.0790502871025,2558.6584899189834
rawMaterial,India,19.0,Summer,22144.843218022826,26794.108090960184
diesel,USA,2.0,Summer,2299.588060167442,2107.8822458390737
roadTransport,USA,20.0,Spring,3423.6539452525053,4406.787620876703
rawMaterial,Asia-Pacific,2.0,Winter,14019.66593246559,14811.976376312867
roadTransport,USA,3.0,Summer,4676.98057469598,4619.663338570446
roadTransport,Asia-Pacific,3.0,Summer,3579.6797822071007,3857.61136834381
rawMaterial,USA,13.0,Winter,6005.394970285856,6238.68248785541
rawMaterial,Europe,0.0,Winter,15535.046943862417,17012.430193297576
electricity,USA,15.0,Autumn,1210.9695434395774,1438.332539950515
rawMaterial,Europe,24.0,Winter,1402.419673386094,1714.9087203471472
roadTransport,Asia-Pacific,7.0,Spring,3626.7872010817623,3613.882991768835
electricity,Europe,4.0,Autumn,4954.806240676366,5124.961098713258
electricity,Asia-Pacific,1.0,Autumn,4494.187810489311,4404.67999019525
roadTransport,Europe,4.0,Autumn,1483.4245952036842,1508.84671043591
electricity,India,11.0,Spring,755.4414158606226,979.9044009307084
electricity,USA,14.0,Winter,4443.984417247484,5161.812602696634
electricity,India,0.0,Winter,7477.454668098133,9510.487977242095
roadTransport,Asia-Pacific,21.0,Winter,1084.893044733142,1450.734492618104
rawMaterial,India,21.0,Summer,4858.155721560423,5905.604473118126
electricity,USA,9.0,Spring,548.6463944561949,504.7892014425397
diesel,Europe,15.0,Spring,2413.697882725319,2721.9789955001156
rawMaterial,India,22.0,Autumn,11333.621229443064,13316.67402200854
electricity,Asia-Pacific,17.0,Spring,5228.87033009358,5667.6779685181145
electricity,India,7.0,Winter,4478.55330319089,5652.022377250397
diesel,Europe,21.0,Spring,638.384787553828,778.8589912755683
rawMaterial,Asia-Pacific,2.0,Spring,15758.826680431088,15165.207768536631
electricity,India,15.0,Spring,2069.371924613767,2848.558834991869
diesel,Europe,16.0,Summer,2033.1177162273289,2215.330109667424
electricity,Asia-Pacific,4.0,Autumn,891.9004959458586,972.921128255559
roadTransport,USA,22.0,Summer,1464.280095960276,1790.9626694715237
roadTransport,Asia-Pacific,24.0,Autumn,3872.4099749839766,4852.202172383608
electricity,Europe,1.0,Spring,1138.3054967392802,1100.2013938280863
diesel,India,6.0,Winter,1222.1988959979083,1412.310402135487
roadTransport,Asia-Pacific,15.0,Spring,10695.859183384882,12192.952964893231
electricity,India,23.0,Summer,2539.6607221063355,3373.7548430316538
electricity,Asia-Pacific,7.0,Spring,4963.422605263524,4595.21520844482
roadTransport,Europe,4.0,Summer,1810.8839965427503,1784.7346045913062
roadTransport,USA,3.0,Summer,7150.931394841322,7712.585980291808
electricity,Europe,9.0,Summer,3500.689711978897,3233.9821686754813
electricity,Asia-Pacific,1.0,Winter,5792.540386118632,6050.669831164819
rawMaterial,USA,12.0,Spring,2830.1575578245183,3245.2734645318114
rawMaterial,USA,14.0,Autumn,11033.529175725613,12436.919562086758
electricity,USA,24.0,Summer,3516.937229601697,4595.410656885458
rawMaterial,Asia-Pacific,2.0,Summer,19438.560069512794,20868.572298330822
diesel,Europe,22.0,Summer,1652.4599276845095,2009.3320234736602
electricity,Asia-Pacific,17.0,Autumn,6884.147533307877,7969.917996131104
diesel,India,14.0,Summer,665.4584901086807,771.9674377133339
diesel,Europe,23.0,Autumn,1260.785273760712,1604.3138228249693
electricity,India,18.0,Autumn,4617.509165936369,6680.997213957317
diesel,India,22.0,Summer,551.5133766072843,750.678942472064
diesel,Europe,24.0,Spring,331.3600891329418,394.4563250282157
diesel,USA,15.0,Spring,1201.6574465353583,1453.5694551278343
diesel,USA,4.0,Summer,1277.7577349554815,1294.8888952834334
diesel,India,24.0,Summer,2255.3826299118405,2997.1444694644906
roadTransport,Asia-Pacific,4.0,Spring,2749.012638688558,2902.821375940092
roadTransport,Europe,4.0,Summer,3932.4870218529018,3750.0903620217537
roadTransport,USA,17.0,Summer,5967.469082689039,7125.599589753775
roadTransport,Asia-Pacific,17.0,Spring,4840.273569701673,5493.996959906363
rawMaterial,India,1.0,Winter,18147.75396217086,18707.23048136221
rawMaterial,USA,14.0,Spring,10136.43865475288,10975.900193846684
diesel,Asia-Pacific,7.0,Summer,1734.5061015664623,1600.735218905454
rawMaterial,Europe,9.0,Autumn,7823.487468527053,8038.395355531134
electricity,India,0.0,Summer,731.7904255682108,910.6314925413773
rawMaterial,Asia-Pacific,17.0,Spring,9747.203432477627,11378.013371199682
roadTransport,Asia-Pacific,7.0,Spring,8760.85894002621,8289.20580994297
diesel,India,1.0,Winter,873.3862077741596,1100.597863176559
diesel,Europe,17.0,Spring,768.8509835684633,868.2421872839913
roadTransport,Europe,20.0,Summer,7259.442917172076,8789.881006444413
electricity,USA,12.0,Autumn,3148.4034440396977,3289.3898133271355
electricity,Europe,5.0,Spring,655.6547531422357,617.4483893334268
electricity,Europe,3.0,Autumn,5658.517534356509,6074.60586741739
rawMaterial,Europe,24.0,Summer,3884.6408810641824,4509.302748727301
electricity,USA,13.0,Spring,3787.3007708416094,4474.568029802102
rawMaterial,USA,12.0,Summer,9518.674522308494,10446.186808613505
diesel,Asia-Pacific,2.0,Winter,1023.6363369183845,1217.9637340401518
diesel,USA,4.0,Summer,1328.697632186394,1479.4378212795293
roadTransport,Europe,14.0,Spring,439.5520562894713,505.8109486220586
roadTransport,Europe,18.0,Spring,1244.7993892074364,1517.420442209226
roadTransport,Europe,1.0,Autumn,781.4965206349924,801.4345374577821
roadTransport,Asia-Pacific,20.0,Winter,1167.6373977830585,1164.6777335471352
roadTransport,India,4.0,Summer,1007.6423949632059,984.9880650522338
roadTransport,Asia-Pacific,22.0,Winter,10707.569532084186,12758.455280187021
electricity,USA,23.0,Spring,720.346517628485,869.7009527353041
roadTransport,Asia-Pacific,10.0,Winter,5440.934965784236,5880.291652450366
rawMaterial,Europe,6.0,Winter,27470.549405156267,27101.579488784155
rawMaterial,India,6.0,Winter,2357.7360940886083,2518.717642789856
roadTransport,Europe,11.0,Autumn,1853.3818418833678,2052.4710809766248
diesel,India,23.0,Spring,1326.104424819842,1653.644721075906
roadTransport,Europe,13.0,Summer,4413.604699571954,5087.707288948825
diesel,Europe,12.0,Spring,194.61018613574132,224.9587158753564
diesel,Europe,5.0,Autumn,338.80838773296506,332.31859910362317
roadTransport,Asia-Pacific,10.0,Spring,5002.403444450088,4993.8725454645555
roadTransport,USA,6.0,Autumn,4161.999013751063,4221.019740230797
diesel,India,21.0,Spring,382.65844594910897,470.0307717503704
roadTransport,India,21.0,Summer,12722.292572117554,14940.498027174435
rawMaterial,Asia-Pacific,7.0,Summer,26120.834039318583,24224.38997323964
rawMaterial,Asia-Pacific,8.0,Summer,22523.26200629484,22333.05548651988
roadTransport,Asia-Pacific,12.0,Summer,4819.868109317632,5380.585428015149
rawMaterial,Asia-Pacific,14.0,Autumn,27071.32875937766,32655.71151388998
rawMaterial,USA,9.0,Winter,4974.691823938803,4941.985261837918
roadTransport,Asia-Pacific,3.0,Autumn,2677.7707265349572,2570.1506594338525
roadTransport,Europe,12.0,Autumn,4275.679839660521,4135.238099457415
electricity,Asia-Pacific,0.0,Autumn,1912.9592587208751,1913.4571314176753
roadTransport,USA,14.0,Autumn,5647.612536592893,6739.161621156564
roadTransport,Europe,8.0,Spring,4502.545508889556,4539.4539875808005
rawMaterial,Europe,14.0,Summer,25448.306053081826,27968.86948064206
roadTransport,Europe,14.0,Summer,364.79972677855005,432.162747631154
diesel,Asia-Pacific,15.0,Autumn,2205.5173165994606,2536.404776241208
diesel,India,18.0,Autumn,1788.3671922471426,2090.2527544642344
diesel,USA,1.0,Winter,1345.3786909762541,1539.104732017429
rawMaterial,USA,22.0,Summer,7490.840263847468,9323.783910781758
rawMaterial,India,8.0,Spring,19491.05880568966,20926.480994507216
roadTransport,USA,18.0,Winter,839.9369178860028,974.7357547329703
rawMaterial,India,19.0,Spring,1229.8729963851931,1549.6939949740895
roadTransport,USA,16.0,Summer,2384.496411329093,3019.67809976552
diesel,Europe,17.0,Autumn,470.79432059245545,542.5512329143318
roadTransport,Europe,13.0,Summer,8119.827847971511,8970.345454098671
diesel,Asia-Pacific,14.0,Summer,960.3772662348009,1077.221735269975
roadTransport,Asia-Pacific,3.0,Spring,172.80493181266627,170.3350658620648
diesel,Asia-Pacific,3.0,Autumn,1906.896804218585,1973.3475545797428
rawMaterial,Europe,7.0,Autumn,23746.501457893715,24513.933394242296
roadTransport,India,11.0,Summer,451.7080028089257,514.7228860947864
diesel,USA,24.0,Autumn,790.7937577713012,1098.2905106534254
roadTransport,Europe,20.0,Autumn,9671.8832769202,12187.294262670868
roadTransport,USA,12.0,Summer,8174.4849509780215,9518.801642303428
rawMaterial,India,5.0,Spring,27639.789791229934,25332.847823822136
roadTransport,USA,15.0,Winter,9685.25868372118,11534.66592686658
electricity,USA,2.0,Spring,2778.707518438202,2810.603279627239
electricity,India,11.0,Autumn,7629.093064947554,9264.504295560722
electricity,Asia-Pacific,6.0,Winter,815.4881832813224,812.2942891968755
electricity,USA,11.0,Summer,4535.296499520547,4904.430882032374
electricity,Europe,7.0,Summer,5182.687846670545,5111.904705254073
rawMaterial,Europe,8.0,Winter,18239.733491548996,19465.703111002957
roadTransport,India,20.0,Winter,6651.8701722577,8119.144468321533
diesel,Europe,24.0,Spring,1504.6123424311415,1873.9618651054584
electricity,USA,20.0,Summer,1837.3672990013918,2055.7211149944615
rawMaterial,Asia-Pacific,21.0,Summer,13746.64224713625,16572.375371596117
roadTransport,Europe,8.0,Summer,3763.491297541362,4134.090825222658
electricity,Asia-Pacific,18.0,Summer,3716.33999420054,4224.224326189679
roadTransport,Asia-Pacific,9.0,Summer,2178.297596603709,2177.3869824627523
roadTransport,Europe,14.0,Summer,2625.9994677339155,3139.7045812226215
diesel,Europe,14.0,Autumn,1082.0445952900225,1160.4921890121886
electricity,Asia-Pacific,17.0,Summer,6408.537351184813,7311.029567463634
diesel,Asia-Pacific,8.0,Summer,753.5754498095424,705.2669752129611
roadTransport,India,21.0,Autumn,7421.109958473504,8491.090758084372
rawMaterial,USA,5.0,Winter,15480.394595860009,15094.204238678622
diesel,Europe,14.0,Spring,1199.920105873928,1383.3802826315425
electricity,Asia-Pacific,1.0,Spring,3367.01321814938,3388.9693610935346
electricity,Europe,4.0,Spring,5997.736444297003,5895.16554648472
electricity,USA,7.0,Spring,1865.5538615411058,1749.0855955856503
diesel,Europe,8.0,Autumn,945.4169620776825,913.1610786714293
electricity,USA,3.0,Autumn,3105.358797054033,3356.6410890629
rawMaterial,India,0.0,Autumn,15742.064656871273,15491.999023062126
electricity,India,0.0,Winter,7306.353238664854,8650.740397879234
roadTransport,Europe,16.0,Spring,1581.722388713818,1817.4347060838154
diesel,Asia-Pacific,3.0,Summer,567.0921216027456,472.92322663200537
electricity,Asia-Pacific,20.0,Winter,6530.032805403503,7604.789238337469
electricity,Asia-Pacific,11.0,Autumn,2035.5207949453002,2013.17429662834
electricity,Europe,21.0,Spring,5875.179980413341,7088.765208757865
electricity,Asia-Pacific,6.0,Spring,1519.7879235985758,1614.1234360414048
roadTransport,India,1.0,Spring,2272.0434037282016,2344.7076202804747
diesel,India,4.0,Spring,1798.3713561669113,1778.8191089189334
roadTransport,USA,15.0,Summer,5210.0270514598415,5457.804790234812
roadTransport,USA,23.0,Winter,7363.782127521418,9089.702980142783
rawMaterial,USA,17.0,Summer,13385.711410966784,15828.551313132328
diesel,Asia-Pacific,5.0,Autumn,1156.7687315189974,1225.0645344462448
roadTransport,Europe,8.0,Summer,1148.5788786391888,1140.4881644170946
diesel,Asia-Pacific,6.0,Autumn,803.6942364704943,726.3893764978724
rawMaterial,Asia-Pacific,3.0,Winter,20808.814361405344,19516.408005258327
roadTransport,Asia-Pacific,21.0,Winter,471.1297532518579,568.342449603729
diesel,India,13.0,Summer,1311.611526773153,1478.0464528081209
diesel,India,3.0,Summer,1037.6822415896095,995.4582433799587
rawMaterial,Europe,7.0,Spring,24271.298017399688,24490.307820051265
rawMaterial,Europe,14.0,Autumn,24730.71618022455,27522.74898906012
rawMaterial,India,16.0,Autumn,22791.074617276703,25560.137308805693
rawMaterial,Asia-Pacific,22.0,Winter,18834.1116468281,25117.83079509893
rawMaterial,USA,10.0,Summer,20167.56561686887,20293.273475197293
rawMaterial,Asia-Pacific,19.0,Winter,26181.969933545002,30115.357686328847
rawMaterial,Asia-Pacific,2.0,Summer,10604.40433434406,9864.997163800725
roadTransport,India,18.0,Winter,3593.7442584081305,3981.3573690943404
rawMaterial,India,8.0,Spring,26009.772056597907,24819.002690800764
rawMaterial,Europe,23.0,Autumn,20654.116633788184,23857.201899853313
roadTransport,Europe,13.0,Summer,6484.861259845612,7473.102639234283
rawMaterial,India,1.0,Summer,11442.675829025417,11406.592050457355
electricity,Asia-Pacific,4.0,Summer,2111.63392846182,2304.6527688433953
roadTransport,India,22.0,Summer,9297.426572784414,9967.45754016516
rawMaterial,USA,0.0,Spring,29113.725389812305,32815.59138292687
rawMaterial,India,5.0,Autumn,12295.459429154847,12011.76391097352
rawMaterial,USA,1.0,Autumn,15002.932432557687,14619.087381393612
rawMaterial,Asia-Pacific,0.0,Winter,2939.8199292012578,3156.0606107174517
electricity,Europe,10.0,Autumn,583.3302415061181,591.7583922792305
electricity,Europe,9.0,Winter,6559.26734466839,6404.68951749109
rawMaterial,Asia-Pacific,23.0,Autumn,11328.155513197033,13228.482222742703
roadTransport,USA,6.0,Autumn,9685.332239256282,9001.012576646692
rawMaterial,Europe,17.0,Autumn,27240.78970915065,33090.239744687344
rawMaterial,USA,9.0,Winter,17483.599464952884,16219.012943439553
electricity,India,19.0,Spring,4084.1753223481464,5122.810534527301
diesel,Asia-Pacific,5.0,Autumn,1174.4424589062428,1178.7063212414237
electricity,USA,23.0,Summer,1456.173352638504,1733.4740178311217
rawMaterial,India,10.0,Winter,6082.799081038046,6430.783386076933
rawMaterial,Asia-Pacific,1.0,Summer,7849.656211937467,7230.204369167957
electricity,Asia-Pacific,19.0,Spring,4926.897054468869,6088.327398401662
diesel,USA,1.0,Spring,453.21463893944576,454.03738987835834
electricity,India,24.0,Summer,4627.774572790691,6691.274086555554
electricity,Asia-Pacific,9.0,Spring,3739.688044338069,3684.801029167389
rawMaterial,Europe,14.0,Winter,13810.53716009032,14996.927258632402
rawMaterial,Asia-Pacific,8.0,Autumn,6330.1499862573555,6368.947813768511
electricity,Asia-Pacific,14.0,Winter,1650.6485989171251,1903.2931763003392
diesel,India,22.0,Spring,833.822655922622,1004.4648224452401
electricity,India,21.0,Summer,4836.494684043291,6675.620793679213
roadTransport,India,15.0,Summer,5130.476303699324,5881.364833132741
rawMaterial,Europe,13.0,Spring,27888.81305745073,34203.827962286836
electricity,USA,1.0,Spring,541.5992360071288,518.4198134462853
roadTransport,Asia-Pacific,12.0,Winter,12048.091475864057,13634.144692492291
roadTransport,USA,11.0,Spring,5853.8921943009145,6818.1461084253815
diesel,Europe,24.0,Spring,1293.9640604792319,1713.5998975007922
roadTransport,USA,22.0,Autumn,3828.0887524913983,4335.359697629219
roadTransport,Asia-Pacific,22.0,Autumn,775.3096653124718,1007.6621747144853
rawMaterial,USA,12.0,Winter,1685.526030976326,1939.3858631926892
roadTransport,India,12.0,Winter,3451.936612860279,4020.401049387603
rawMaterial,Asia-Pacific,18.0,Summer,6923.215877590874,8078.704593144301
rawMaterial,Asia-Pacific,11.0,Spring,9492.652588506455,10151.625645508244
rawMaterial,USA,23.0,Winter,20608.450591299137,23423.0502375384
rawMaterial,India,16.0,Spring,13657.559605706516,16932.427485406384
roadTransport,Asia-Pacific,19.0,Spring,2789.566538669717,3333.6273073980146
diesel,Europe,1.0,Autumn,996.0398845632463,964.6848362618813
rawMaterial,Europe,4.0,Winter,23665.117903681905,22206.64962716459
diesel,India,15.0,Spring,2651.3839934067905,2795.833373161123
roadTransport,India,17.0,Autumn,4625.045707579584,5830.6304185925765
roadTransport,USA,16.0,Spring,1408.809397222781,1605.8211012342356
rawMaterial,USA,15.0,Spring,4958.5954444407935,5827.487500947539
diesel,USA,11.0,Autumn,2485.4693831545396,2640.5331055486813
roadTransport,Asia-Pacific,7.0,Autumn,2159.7617338539208,2281.206659993257
rawMaterial,Europe,0.0,Autumn,6352.934845530974,6247.997713662724
diesel,USA,23.0,Winter,1652.331944426511,2507.833649388058
electricity,India,3.0,Spring,984.0548559656863,1131.119010265409
diesel,Asia-Pacific,11.0,Autumn,2544.1421994892694,2923.6344217820542
roadTransport,Asia-Pacific,13.0,Spring,925.9794309576384,1049.7827832407852
diesel,India,23.0,Spring,1211.2467953152718,1433.5419225617165
rawMaterial,Asia-Pacific,21.0,Spring,2813.486565838525,3516.8717093916644
diesel,USA,0.0,Winter,1423.6860152340896,1631.121211527053
diesel,India,13.0,Winter,789.7674295036701,1138.0183770233145
electricity,Europe,19.0,Summer,1331.7445286944462,1609.0035142843524
electricity,India,19.0,Winter,6143.860772820931,8939.02194298453
roadTransport,Asia-Pacific,6.0,Spring,4084.7013924750154,4103.75706417588
electricity,India,9.0,Summer,3977.1903124850464,4530.843671367897
diesel,India,13.0,Spring,1116.835050820754,1196.4782385393976
diesel,India,17.0,Autumn,2102.957026928812,2409.7900720927923
rawMaterial,Asia-Pacific,22.0,Autumn,6403.323649818789,8221.56349981585
electricity,Asia-Pacific,15.0,Autumn,1481.530948391338,1556.0811588346057
electricity,Asia-Pacific,24.0,Winter,3789.469177176635,4198.549076910648
electricity,Europe,20.0,Winter,7206.071382871491,8283.306459641382
diesel,USA,13.0,Winter,749.6724019882014,977.9336622861451
rawMaterial,Asia-Pacific,14.0,Winter,27732.436136754866,29872.228819292275
diesel,Europe,4.0,Autumn,1843.6305219026474,1875.5616144560793
diesel,India,0.0,Winter,2395.7426059630416,2992.5742979210377
diesel,USA,1.0,Winter,1758.2954948431293,2206.398386535814
rawMaterial,India,5.0,Spring,4800.801952670547,4673.482530710767
diesel,Europe,10.0,Summer,1524.254992343493,1372.751905200518
roadTransport,Asia-Pacific,10.0,Spring,7412.391436941479,6863.21927117813
diesel,India,20.0,Summer,1791.149353125372,2197.8948790295753
roadTransport,USA,9.0,Winter,2784.334197422654,3018.324870104765
electricity,Asia-Pacific,10.0,Winter,6196.340602700162,6195.6446911426865
rawMaterial,Europe,18.0,Autumn,19991.216944677013,23418.03555291693
rawMaterial,India,16.0,Winter,21020.341651594317,24288.486950592625
roadTransport,India,13.0,Spring,3376.22162306119,3828.7544236594426
diesel,Asia-Pacific,0.0,Winter,908.5047031717195,1084.2722745375168
diesel,Asia-Pacific,9.0,Winter,1066.607807837915,1309.9137152153648
roadTransport,Europe,9.0,Winter,7055.658406232866,7109.376441304267
rawMaterial,India,6.0,Winter,25708.47523457165,26969.753447345098
roadTransport,Europe,9.0,Spring,6641.522581137288,5840.999044950404
electricity,India,1.0,Autumn,3879.7082886213334,4446.806959911882
roadTransport,Asia-Pacific,20.0,Autumn,753.8774522962713,804.0381612719434
rawMaterial,USA,10.0,Winter,13633.264459896844,14374.644492755806
rawMaterial,USA,12.0,Winter,20707.417155868396,21047.49596683758
electricity,India,0.0,Spring,3335.819777315876,3678.9814232263625
rawMaterial,Asia-Pacific,22.0,Summer,7087.776270207487,8649.661296062233
roadTransport,Asia-Pacific,23.0,Summer,2663.8060363664654,3306.809092317711
rawMaterial,Asia-Pacific,15.0,Winter,27407.89083019784,33065.4735767047
diesel,USA,15.0,Winter,454.38530604780163,678.0320631448549
diesel,Asia-Pacific,2.0,Autumn,328.3505449557889,302.23740461699026
diesel,USA,23.0,Spring,1384.767382135542,1749.5293783273976
rawMaterial,Europe,21.0,Winter,14058.351682720897,15473.195811424823
roadTransport,India,2.0,Spring,6957.0063432011275,7559.399046034999
diesel,Europe,21.0,Summer,2028.8229679812102,2247.7205007794487
roadTransport,Asia-Pacific,1.0,Summer,2718.869422093319,2816.007796943679
electricity,India,20.0,Summer,4842.872818421722,6638.906320164602
diesel,Europe,13.0,Winter,1034.9549128192098,1419.829938620586
diesel,Europe,6.0,Autumn,1946.219478381455,1826.9702653905017
rawMaterial,Europe,7.0,Spring,26541.59188576739,26416.31530990969
roadTransport,India,20.0,Summer,2041.7936301695102,2489.3069295872897
diesel,Europe,1.0,Summer,425.42678497118936,430.5317682361899
electricity,India,5.0,Winter,874.5764839639027,978.9512708839545
diesel,Europe,5.0,Spring,1653.0434030305742,1548.261397519115
roadTransport,Asia-Pacific,14.0,Spring,2699.621305202091,3304.596771089176
roadTransport,India,21.0,Spring,3364.81459208943,3894.340355478894
electricity,USA,12.0,Autumn,6260.475862688245,7431.928840045143
roadTransport,Asia-Pacific,17.0,Autumn,2136.9343950224493,2499.739881007437
roadTransport,Europe,6.0,Winter,1697.119630778143,1706.2531519979736
roadTransport,Asia-Pacific,14.0,Spring,4652.429387894356,5165.729441238495
roadTransport,Asia-Pacific,8.0,Summer,422.1211789205845,405.36467174961257
roadTransport,India,6.0,Summer,948.6702590840605,962.082775814385
roadTransport,USA,24.0,Autumn,4529.647655536306,5227.012107504464
rawMaterial,India,22.0,Winter,16286.68270607994,20224.097762617243
roadTransport,Europe,3.0,Autumn,4661.199374485165,5182.5477837422195
electricity,Europe,24.0,Autumn,1099.5634194662964,1368.732752462666
roadTransport,India,20.0,Spring,2822.426156445022,3537.5042087346033
diesel,Europe,3.0,Autumn,806.8056490052234,824.3434734077589
electricity,Europe,6.0,Spring,4031.2712963393797,4242.329980441006
rawMaterial,Asia-Pacific,23.0,Winter,26743.096927893188,32941.00381493601
roadTransport,Europe,22.0,Autumn,6311.4551545025115,7581.919676136253
rawMaterial,Asia-Pacific,2.0,Summer,11454.230625147737,10550.60270276377
electricity,India,18.0,Spring,4644.178451921147,6793.661009270418
roadTransport,India,14.0,Autumn,555.6905821017617,614.1178899920587
electricity,Europe,19.0,Autumn,668.5316394527616,826.8792599190492
diesel,India,12.0,Autumn,2063.476661806071,2384.839022165667
roadTransport,Europe,17.0,Autumn,7426.454672817991,8781.370319657226
roadTransport,India,19.0,Summer,4016.9444106099395,4444.688075150297
diesel,USA,10.0,Summer,729.3779476916263,763.9965289854898
roadTransport,USA,19.0,Summer,3399.056663624443,3908.932813271799
diesel,India,17.0,Winter,1790.3634181643952,2619.4296635084506
roadTransport,India,20.0,Summer,11229.18808605776,13408.997425951775
diesel,USA,0.0,Spring,1156.7524720703639,1203.5929647221237
rawMaterial,Europe,8.0,Spring,10545.646741280725,9925.090506956158
electricity,Europe,14.0,Summer,6529.837962975345,8048.002635906029
electricity,Asia-Pacific,4.0,Summer,5282.620361139125,4872.308095388641
electricity,India,19.0,Spring,1002.7362028131992,1335.5351686030142
electricity,Asia-Pacific,15.0,Summer,3021.076576614207,3564.978048731343
roadTransport,Europe,10.0,Summer,1332.9918436024197,1198.7815879073983
rawMaterial,Europe,0.0,Spring,11603.141998899764,11364.399087870834
electricity,Asia-Pacific,16.0,Summer,2070.3380425472847,2094.7296482573197
roadTransport,USA,5.0,Spring,315.647894914235,295.6540979523955
roadTransport,USA,16.0,Spring,2656.8344222127953,2943.3595681812203
diesel,USA,5.0,Summer,2083.042770120187,2078.5959707561055
electricity,Asia-Pacific,7.0,Autumn,3035.785910685643,2989.791286170516
roadTransport,Europe,9.0,Winter,8552.619503019565,9081.147099819591
roadTransport,Europe,14.0,Summer,229.60885757635884,235.3161954390761
electricity,USA,23.0,Winter,3380.6060153825947,4266.71074894305
roadTransport,Europe,24.0,Summer,4158.5814012993615,5522.13390738094
rawMaterial,Asia-Pacific,0.0,Spring,24964.3088446238,24822.037011379787
electricity,Asia-Pacific,2.0,Spring,5274.07979740815,5271.126531210965
rawMaterial,USA,20.0,Autumn,1761.4194804608592,2216.364881014654
electricity,USA,3.0,Autumn,1971.9691884614135,2015.6883061525039
electricity,India,24.0,Winter,5965.549653619683,8650.76376502156
electricity,Europe,11.0,Spring,663.7855988350392,743.4893805637329
rawMaterial,India,0.0,Spring,15688.262659154077,15023.328477578632
diesel,Europe,12.0,Winter,727.2192470537047,939.2553988718555
diesel,Asia-Pacific,12.0,Spring,1376.0750170246308,1514.0768262105505
diesel,Europe,9.0,Summer,1796.0746882229323,1772.6795551083947
rawMaterial,India,6.0,Summer,25314.70980427703,25479.879450555945
diesel,Europe,0.0,Autumn,261.0553826391469,243.94075055962008
roadTransport,USA,7.0,Summer,646.0428542323423,642.4575865675968
diesel,USA,17.0,Winter,2148.292563331314,2868.2691032292682
electricity,USA,12.0,Summer,1125.3814681916995,1191.4066308810998
rawMaterial,Asia-Pacific,3.0,Winter,26957.651646005328,27480.675495869655
diesel,India,2.0,Spring,2375.2379885476053,2184.343487769271
roadTransport,Asia-Pacific,23.0,Autumn,6265.1771370295,7208.4175386868
diesel,USA,11.0,Summer,1899.5531802948244,2134.6737210527053
roadTransport,USA,1.0,Winter,3025.744219805849,3011.4986236404648
rawMaterial,India,21.0,Summer,5401.207563454103,6455.948609547329
rawMaterial,India,9.0,Autumn,27176.263423351567,27661.428773861797
rawMaterial,Asia-Pacific,0.0,Winter,11490.121115106747,12244.0738037903
rawMaterial,Europe,19.0,Spring,16877.285682302532,18495.000345046283
diesel,USA,9.0,Winter,1428.8393890777488,1731.8253306655918
rawMaterial,Asia-Pacific,12.0,Autumn,5884.443592139866,6473.457559425543
diesel,Asia-Pacific,17.0,Spring,1697.4094511159562,2081.4703558836068
diesel,Europe,23.0,Spring,1504.3041322824222,1939.4092763646136
rawMaterial,Europe,8.0,Autumn,20988.998380843117,22341.24853974075
diesel,Europe,7.0,Spring,627.3353517930609,604.4753577678852
electricity,Europe,20.0,Spring,3728.978766800023,4413.314154467298
diesel,Europe,13.0,Autumn,2389.885439123934,2755.0399847147432
electricity,India,17.0,Winter,2212.7043267599875,3130.194400094747
diesel,Asia-Pacific,24.0,Winter,1041.329518482603,1521.4355597993724
roadTransport,India,10.0,Winter,5381.3046933684755,5616.310704207377
electricity,USA,8.0,Autumn,6769.52377319292,6570.873174162225
rawMaterial,Europe,17.0,Spring,26733.612854152077,30252.449696464264
diesel,Europe,18.0,Autumn,2640.3232230249955,3224.962617648263
diesel,Europe,11.0,Autumn,2142.2192058118444,2208.5320249854667
rawMaterial,USA,3.0,Winter,16393.63849927121,16220.638862380501
roadTransport,USA,21.0,Winter,3007.783097565536,3586.773879992872
roadTransport,Europe,8.0,Spring,2564.9344846471045,2890.54116669083
diesel,Asia-Pacific,5.0,Winter,1137.9916592181464,1464.9817549076197
roadTransport,India,3.0,Spring,8424.599755283325,8262.068630920312
electricity,India,5.0,Winter,4264.311610659829,4665.89989376306
roadTransport,India,13.0,Autumn,5719.211183956212,6538.353122826148
roadTransport,Asia-Pacific,2.0,Spring,619.0673449715814,582.973919794039
electricity,Asia-Pacific,17.0,Summer,7750.2145428001895,10157.323782383892
diesel,India,9.0,Spring,1536.6235813073172,1511.0946778990387
electricity,USA,3.0,Winter,1276.3771192672577,1237.2848214596959
roadTransport,Asia-Pacific,1.0,Autumn,6255.330757611013,6010.424300146315
rawMaterial,Europe,24.0,Winter,24960.332143223965,31454.69986690373
rawMaterial,Europe,18.0,Summer,28534.839426358434,35851.56501187481
rawMaterial,USA,7.0,Winter,23253.038412953716,23723.8442557168
roadTransport,India,6.0,Spring,10115.368777786265,10541.4915127407
electricity,USA,16.0,Summer,4601.916827602323,5840.88707954846
roadTransport,India,9.0,Autumn,3415.9993971616855,3471.9084217593772
roadTransport,India,4.0,Autumn,4981.009424586955,4937.7605215243075
diesel,India,5.0,Autumn,410.2367865493363,385.6940621287681
electricity,Europe,20.0,Spring,3582.44959047153,3776.5920539826257
rawMaterial,Asia-Pacific,11.0,Winter,3367.556455704876,3832.6310365972904
rawMaterial,Asia-Pacific,3.0,Winter,26532.069494593103,27421.805425735125
diesel,Europe,16.0,Spring,2525.1966639743905,3000.8820319476154
roadTransport,India,24.0,Winter,175.33018434159672,222.53887737026153
rawMaterial,Europe,10.0,Autumn,21668.375928727874,21005.568852857057
rawMaterial,Asia-Pacific,0.0,Spring,11470.874835192919,10639.509691358893
electricity,India,21.0,Autumn,4226.275367199126,6178.264057829498
rawMaterial,Europe,15.0,Summer,1520.798562544909,1667.375292534419
diesel,Europe,9.0,Autumn,1703.2431998831175,1618.0121271764315
electricity,India,4.0,Spring,6743.947450446655,7993.132960259204
roadTransport,Asia-Pacific,13.0,Spring,4550.3702154776665,5332.277614610816
roadTransport,Europe,23.0,Winter,3146.118606398977,3999.3393534873007
electricity,India,1.0,Autumn,4542.306770317951,5162.996915139678
roadTransport,Asia-Pacific,17.0,Winter,6399.834084141028,7319.041077115666
electricity,India,18.0,Autumn,1338.9178591770446,1745.5847706492636
diesel,USA,23.0,Autumn,1199.7688027206957,1470.094064916838
roadTransport,USA,10.0,Autumn,971.444037447577,937.8249311913388
diesel,Europe,18.0,Summer,2088.0720464765973,2622.870432319981
electricity,USA,10.0,Autumn,807.0877388170421,879.1025187365768
roadTransport,USA,3.0,Winter,8503.164004908196,8432.83261260524
rawMaterial,Europe,9.0,Autumn,15225.73764431772,14212.004744256386
diesel,Asia-Pacific,1.0,Autumn,1224.0684793125283,1178.148243796464
diesel,USA,3.0,Summer,1928.708315309591,2023.801518119782
roadTransport,India,19.0,Spring,1593.495392630406,2045.4565555156084
electricity,India,3.0,Winter,5224.010034940525,6082.121071708613
electricity,Europe,24.0,Winter,5509.925109657655,6862.591621435756
roadTransport,Europe,15.0,Summer,3739.7074395910813,4372.777358276481
rawMaterial,USA,6.0,Summer,13553.712572385388,14077.619385868771
rawMaterial,USA,4.0,Spring,13713.407080560895,13769.675531724608
diesel,India,23.0,Spring,1017.383069850067,1243.5016395118482
roadTransport,USA,15.0,Winter,7559.016543571658,8254.119501403851
diesel,USA,24.0,Autumn,1135.3002238016459,1410.025868772651
rawMaterial,Asia-Pacific,6.0,Spring,23402.59628265231,21960.536582992918
roadTransport,Asia-Pacific,24.0,Summer,2479.0712205298737,2950.6154802551255
rawMaterial,India,7.0,Autumn,11171.44715809877,11162.016792199121
diesel,India,5.0,Summer,1283.866999203487,1215.9147407248229
diesel,Europe,22.0,Summer,493.11251137609304,589.0142729556253
diesel,India,15.0,Autumn,1955.2892790255235,2216.300909928824
electricity,India,17.0,Summer,3385.5514290654373,4414.067301366198
rawMaterial,USA,1.0,Spring,19386.01634154986,19825.72540085453
rawMaterial,USA,4.0,Autumn,24117.020944591313,24541.27508843466
electricity,Europe,12.0,Summer,1731.074946393357,2061.5532466099553
rawMaterial,USA,0.0,Winter,7700.044864049867,7959.031455000778
roadTransport,Europe,22.0,Spring,11840.761397705957,14679.729792137186
rawMaterial,USA,12.0,Spring,9930.495684285506,10875.507798324934
roadTransport,Europe,10.0,Summer,2094.940452328435,2081.2073939008283
diesel,India,0.0,Summer,1819.7762301829175,1750.7644992628736
electricity,India,12.0,Winter,596.9284177825688,720.9743815616408
roadTransport,India,18.0,Summer,8399.49109349416,10119.316092130628
diesel,Asia-Pacific,17.0,Winter,2489.885225138161,3137.7198380716495
diesel,Asia-Pacific,13.0,Summer,2357.5875180164953,2499.463644348993
diesel,USA,7.0,Winter,1200.9226829962408,1430.1078966028388
rawMaterial,USA,8.0,Winter,18764.847580847654,18953.128136137806
roadTransport,Asia-Pacific,19.0,Spring,2581.7797122645547,3112.257499643206
electricity,USA,13.0,Autumn,1683.3211364211454,1974.9773879069787
rawMaterial,USA,4.0,Autumn,21948.01072570925,19821.433596393814
electricity,Asia-Pacific,17.0,Summer,1379.3939158277558,1428.3046741541098
roadTransport,Asia-Pacific,17.0,Summer,1018.6698691102956,1226.7339182019007
diesel,India,16.0,Winter,1727.2089307986678,2253.2388197944206
diesel,Asia-Pacific,19.0,Autumn,208.91876531075482,238.61090460502112
rawMaterial,India,5.0,Autumn,10088.884069329963,10062.960591924302
rawMaterial,India,0.0,Winter,18502.263067437914,18098.33439749001
electricity,India,3.0,Autumn,3632.61599452684,3799.7630074073013
electricity,Asia-Pacific,9.0,Spring,736.1111786658101,752.5166242814535
electricity,Europe,11.0,Spring,4255.851760211237,4983.318366249916
diesel,Europe,15.0,Winter,1885.7523003152735,2291.9034408169464
electricity,India,9.0,Autumn,2604.5713428457125,2932.139863151927
diesel,USA,12.0,Summer,2099.4841728684432,2311.955704483087
roadTransport,India,11.0,Autumn,1722.4608459896922,1945.2082573966854
diesel,Asia-Pacific,3.0,Summer,1503.1644002650762,1473.754997048932
rawMaterial,India,12.0,Summer,23467.68345940769,24172.4237859862
electricity,Asia-Pacific,11.0,Spring,4654.562884585876,5297.121055854193
rawMaterial,USA,15.0,Autumn,21372.762413194447,24603.27241738241
roadTransport,USA,7.0,Spring,5640.050043033478,5852.5796161864155
diesel,USA,16.0,Winter,1807.922105107767,2506.4087279615524
roadTransport,USA,6.0,Autumn,3532.223941853199,3918.12416340079
diesel,Asia-Pacific,8.0,Autumn,1135.8014817986423,1140.0839718173313
diesel,USA,22.0,Winter,1592.0193048045942,2315.939547681251
roadTransport,India,6.0,Spring,687.9040100304298,682.7655660998073
roadTransport,Europe,9.0,Summer,507.70148025928034,469.14194418117484
diesel,India,22.0,Summer,2654.3401167859975,3273.877017068528
electricity,India,13.0,Spring,8148.332831871472,9682.272042069995
roadTransport,USA,1.0,Autumn,1523.5356852927682,1625.4161956244257
diesel,USA,22.0,Summer,2032.682886139969,2448.2912002632615
roadTransport,Asia-Pacific,23.0,Spring,1645.0551799728519,1999.5545445324651
rawMaterial,Asia-Pacific,1.0,Spring,11629.912357099409,12239.781727798894
roadTransport,USA,17.0,Summer,868.9960686874759,998.4222195319625
rawMaterial,Europe,18.0,Autumn,4975.838254217703,6145.617834184499
rawMaterial,Europe,17.0,Winter,22491.74860390795,29329.909752446165
electricity,Asia-Pacific,0.0,Spring,6344.524024662978,6493.869353688026
electricity,Asia-Pacific,9.0,Spring,3221.293468330651,3150.1510884142444
rawMaterial,USA,9.0,Summer,13181.352797248104,13934.30497664242
electricity,India,2.0,Summer,7692.363108945083,9137.206165303016
roadTransport,Asia-Pacific,18.0,Autumn,924.3993163311735,1012.335258722664
roadTransport,Asia-Pacific,23.0,Spring,1048.6074867895654,1296.133069310046
diesel,Europe,4.0,Summer,2656.385990660403,2557.218872790468
rawMaterial,Europe,4.0,Spring,17126.019433295405,17423.807214278862
rawMaterial,Asia-Pacific,14.0,Summer,17800.6880685835,21192.588488681104
rawMaterial,USA,18.0,Autumn,13283.023384994833,15068.450687209946
roadTransport,Asia-Pacific,11.0,Autumn,1299.2262643008057,1408.1353673791928
roadTransport,India,20.0,Spring,2384.601093358086,2813.8446488017203
roadTransport,Europe,15.0,Winter,11657.122895557348,12658.267193375827
electricity,USA,12.0,Winter,3065.8905076475835,3260.7317109051687
rawMaterial,India,5.0,Spring,26785.57071200678,25755.448128256758
rawMaterial,Asia-Pacific,3.0,Autumn,16579.3435339862,18056.44723909343
diesel,USA,9.0,Autumn,1793.7694967420957,1820.765446055508
electricity,Asia-Pacific,13.0,Spring,1279.3407858542594,1363.3691643120878
diesel,Asia-Pacific,13.0,Spring,2588.90992001021,3085.090087004921
diesel,India,2.0,Spring,2589.8211530510084,2465.3191510164174
rawMaterial,USA,24.0,Spring,10843.533597304076,13411.215198982314
diesel,USA,17.0,Spring,1554.2958998854776,1658.6970783906588
rawMaterial,Europe,18.0,Autumn,2216.764087247282,2690.407871597342
electricity,Europe,23.0,Summer,4725.44230522593,5419.50959197755
rawMaterial,Europe,9.0,Summer,24334.139874561377,25734.200593091824
roadTransport,USA,21.0,Spring,4210.445910235439,5131.833122759144
electricity,USA,12.0,Summer,8179.127564673811,8964.51897684373
diesel,Europe,15.0,Autumn,1281.5279911648472,1386.6900777782578
diesel,Europe,11.0,Winter,2149.713726460743,2847.1205468674552
rawMaterial,India,4.0,Winter,8337.736160133947,8216.805189888812
electricity,Asia-Pacific,10.0,Summer,676.8431285515254,645.4533234050261
diesel,India,8.0,Autumn,1856.7986519253388,1874.4682568000785
electricity,Asia-Pacific,0.0,Autumn,3125.9404863910404,3169.322528050444
roadTransport,India,6.0,Winter,655.0830811275206,613.3565807618438
rawMaterial,India,18.0,Summer,7267.140454331059,8674.56122941024
diesel,India,20.0,Spring,1522.378795328951,1866.8006025598406
rawMaterial,Asia-Pacific,22.0,Summer,4378.821542320407,5265.924060333245
rawMaterial,USA,8.0,Summer,23849.7924352881,23409.998369077548
electricity,India,23.0,Winter,766.2103289981042,1107.380745709222
electricity,USA,18.0,Summer,4083.1125331752405,4841.829632331015
diesel,Europe,5.0,Winter,876.0476669166015,1073.4838783017492
rawMaterial,Europe,3.0,Summer,13666.402792412138,13671.580076629543
roadTransport,India,0.0,Spring,1712.6908683781535,1861.7396092061942
diesel,USA,14.0,Winter,1846.3560787109102,2445.926524219145
rawMaterial,Europe,20.0,Summer,3391.1523792561,4088.8360401488526
electricity,USA,3.0,Spring,8170.725948226591,8012.045857960097
roadTransport,India,18.0,Autumn,5028.536976468956,5999.749853639875
rawMaterial,Europe,15.0,Spring,5999.304506537786,7505.319528527943
diesel,USA,1.0,Summer,2004.4303515339009,2082.060216824457
electricity,Europe,5.0,Spring,6193.7265353429075,6208.394190322684
roadTransport,Asia-Pacific,12.0,Summer,7968.557534014768,8547.452942153222
roadTransport,India,4.0,Autumn,5422.521664333986,5600.495066158699
diesel,Asia-Pacific,14.0,Summer,2204.0283733868628,2629.9418850523316
rawMaterial,Asia-Pacific,16.0,Spring,3402.4043589077864,4104.761664260011
electricity,USA,18.0,Autumn,5874.839063701037,6512.951779456372
electricity,Asia-Pacific,22.0,Autumn,1676.7017705187175,2017.0467307170381
diesel,Asia-Pacific,22.0,Autumn,1256.0386023751882,1561.8551894246068
electricity,Europe,18.0,Autumn,2308.1192877009717,2725.0090028779664
electricity,USA,24.0,Autumn,2298.419958724489,2650.529839740108
roadTransport,Asia-Pacific,0.0,Winter,941.9057899766722,940.9055304114007
diesel,Europe,3.0,Autumn,2333.988222760154,2343.452382080788
electricity,USA,1.0,Spring,2703.2972114666577,2807.2420096122937
electricity,India,21.0,Autumn,2763.9567377046023,3778.649270284831
diesel,Asia-Pacific,20.0,Winter,1075.2631302356406,1405.0927043293254
roadTransport,USA,16.0,Summer,5089.02673680568,6410.679524622553
rawMaterial,India,0.0,Summer,2903.994679483548,2906.806810282497
rawMaterial,USA,9.0,Winter,17459.839257713553,17968.5583516614
diesel,Europe,5.0,Summer,1053.6730839064928,1087.5759467043806
roadTransport,USA,10.0,Summer,3785.4144476704623,3703.8254906963407
diesel,Asia-Pacific,2.0,Summer,278.3967420665462,299.0006493798436
diesel,India,4.0,Summer,648.1414410475077,664.628970974429
electricity,Europe,8.0,Spring,4532.9006640063435,4678.8756003167155
roadTransport,Asia-Pacific,19.0,Summer,275.0762119651723,367.06959643676953
rawMaterial,Europe,9.0,Spring,1098.524477704086,1052.8219889051277
electricity,USA,20.0,Spring,1366.8187666571407,1551.2052435979363
rawMaterial,Asia-Pacific,20.0,Summer,26857.44062666243,29406.300950778656
diesel,Asia-Pacific,19.0,Summer,1289.4712456802722,1429.1361386020167
roadTransport,Europe,18.0,Autumn,850.5945190211503,1051.0340492141286
rawMaterial,Europe,17.0,Spring,23101.484562090045,27016.74843288302
electricity,USA,5.0,Spring,7943.054552743998,8530.328885377174
electricity,Europe,5.0,Autumn,4300.1744506456325,4455.036344774082
rawMaterial,USA,3.0,Summer,20343.52680731129,21008.650899618853
roadTransport,India,24.0,Winter,3116.361600553002,3569.2266271143235
electricity,India,12.0,Winter,2751.8341612754516,3717.170539923431
roadTransport,Asia-Pacific,4.0,Summer,1664.0758164646577,1751.3072225908263
diesel,USA,20.0,Spring,371.2586490855085,470.35316239427465
diesel,Europe,3.0,Autumn,1963.3857639017124,1934.5244635403344
roadTransport,USA,1.0,Spring,2800.6664192264284,2860.9976912963757
rawMaterial,USA,13.0,Winter,25329.96390721933,30600.910286027298
rawMaterial,India,11.0,Winter,15754.5689383762,17990.55664585257
roadTransport,Asia-Pacific,17.0,Autumn,4508.57665834719,5467.596345743333
rawMaterial,Europe,16.0,Autumn,10082.823568195587,12456.423469694118
diesel,Asia-Pacific,5.0,Autumn,234.10741560393294,207.12820780329767
electricity,Asia-Pacific,15.0,Summer,6157.1933471209695,7086.573951152066
rawMaterial,Europe,20.0,Autumn,18440.536798010184,20807.242083556954
diesel,India,24.0,Winter,381.09981748367954,496.91429523704494
electricity,Asia-Pacific,6.0,Summer,3269.574599809651,3141.025372202129
roadTransport,Europe,19.0,Summer,724.1604343844184,866.0189484841816
roadTransport,USA,11.0,Spring,710.6400053677933,824.1630560502775
diesel,Asia-Pacific,17.0,Winter,1333.2400481297432,2028.1975511135768
roadTransport,Europe,7.0,Summer,1700.139691684913,1638.1832045467204
electricity,Europe,20.0,Winter,2907.375113675607,3376.0469441678215
roadTransport,India,11.0,Summer,7432.987631313245,7604.439001042597
rawMaterial,Europe,3.0,Summer,18837.246237900392,17993.023652678818
electricity,Europe,11.0,Summer,7995.223503789115,8659.224807230761
diesel,Europe,6.0,Autumn,1139.5394250223117,1053.4011807912657
rawMaterial,USA,19.0,Winter,15527.114510220437,18066.363061790827
electricity,USA,22.0,Spring,4235.239161606819,4891.057921268349
electricity,Europe,14.0,Spring,3028.2941440585037,3389.6552381512656
rawMaterial,Asia-Pacific,10.0,Spring,24168.619606710872,25112.977746488727
roadTransport,Europe,0.0,Summer,6980.02922529791,7270.803455181099
rawMaterial,USA,13.0,Autumn,9228.892988398082,9911.044450632056
diesel,USA,8.0,Summer,402.96669322363584,391.90918596098396
diesel,Europe,4.0,Summer,2299.4292910542654,2300.2323571059887
diesel,Asia-Pacific,6.0,Autumn,1831.2844476703604,1773.031432120081
diesel,India,1.0,Spring,2294.710448125235,2236.3943810684705
diesel,Europe,20.0,Spring,1101.2497011222104,1272.0897539854518
electricity,Asia-Pacific,8.0,Spring,4476.391296684502,4123.992030666921
electricity,Europe,24.0,Spring,2676.9429282136925,3559.305797369166
electricity,Europe,5.0,Autumn,5738.206790643875,6360.044892797711
electricity,Asia-Pacific,9.0,Autumn,4485.868375545207,4732.739584249892
diesel,Asia-Pacific,16.0,Spring,724.9994209545077,844.9363767369667
rawMaterial,Asia-Pacific,8.0,Spring,20751.474404966015,20145.847913217356
roadTransport,Asia-Pacific,20.0,Spring,5178.866959759957,6202.758423071673
diesel,India,23.0,Spring,2000.926541279041,2574.9046960604333
rawMaterial,Asia-Pacific,11.0,Autumn,4797.547850537705,5258.14295792717
roadTransport,India,19.0,Autumn,6135.209664166195,8203.655696844067
diesel,Asia-Pacific,21.0,Autumn,2228.482488420641,2516.913366136211
electricity,USA,24.0,Summer,4292.161233308488,5572.710910249052
electricity,USA,19.0,Winter,3202.969603451084,3732.7244090102226
roadTransport,India,14.0,Autumn,5386.818276969739,5879.191580345829
diesel,Asia-Pacific,6.0,Summer,1573.0663664609351,1475.721659152584
rawMaterial,USA,1.0,Autumn,26633.197099961973,27506.189886685876
roadTransport,Europe,11.0,Summer,2878.7861769631722,2993.3063983602947
diesel,USA,15.0,Summer,207.4898812601463,261.1120804827897
diesel,Europe,3.0,Spring,1728.5625872942626,1650.3969436812988
roadTransport,Europe,10.0,Winter,4007.1466505485523,3843.6975980251586
diesel,USA,11.0,Winter,2125.13627192341,2854.665256926917
diesel,USA,23.0,Spring,1360.034949086004,1624.0124691431513
diesel,Asia-Pacific,13.0,Spring,659.0568378971758,807.912165069599
electricity,USA,0.0,Autumn,6042.169685235305,5156.710490772157
diesel,Asia-Pacific,1.0,Summer,1412.8606505486803,1457.14059536374
roadTransport,Asia-Pacific,3.0,Summer,4395.323046012621,4212.988810891006
roadTransport,Europe,5.0,Winter,4160.624076195206,4074.952436258186
roadTransport,Europe,4.0,Summer,5680.083908093054,5962.18221242867
rawMaterial,USA,21.0,Winter,11498.545955077161,14334.07629143056
electricity,Europe,22.0,Summer,2197.0308819659103,2720.1915646067087
rawMaterial,India,12.0,Spring,6391.199613462872,7038.809066416654
roadTransport,Europe,10.0,Spring,189.263562251849,202.33859986958433
electricity,Europe,15.0,Summer,434.33868375302495,484.2237859980978
roadTransport,Europe,9.0,Autumn,1371.7551901606043,1422.7972349845277
rawMaterial,India,15.0,Summer,4955.789224817641,5650.167698306328
diesel,Asia-Pacific,13.0,Winter,1252.119667151314,1812.5490201583114
diesel,Europe,15.0,Spring,956.7175111375183,1136.5259675269658
electricity,USA,1.0,Autumn,2007.5837770000605,2113.573246306713
roadTransport,Europe,9.0,Spring,13321.34680448795,13636.619455473716
electricity,Europe,22.0,Autumn,5890.927609600427,7154.913899399723
diesel,Europe,13.0,Summer,1632.177985172772,1963.6685244329824
roadTransport,India,11.0,Winter,749.6681119083116,766.8467597884646
electricity,Asia-Pacific,6.0,Summer,1527.2309893205816,1534.3342390224961
roadTransport,India,3.0,Spring,9897.564323560602,10351.664213592949
electricity,Asia-Pacific,15.0,Winter,7813.1132853467625,8840.983683315659
roadTransport,Asia-Pacific,5.0,Spring,5785.650608950559,5833.907580767292
electricity,India,16.0,Autumn,4543.597488067139,6507.315337144512
electricity,USA,20.0,Winter,6554.047182718122,7890.417169621353
rawMaterial,USA,7.0,Summer,12984.184643761715,12813.301727944512
rawMaterial,USA,5.0,Autumn,21472.160685568208,21999.97577366939
electricity,Europe,4.0,Autumn,1985.7671791317384,2094.694730849223
electricity,Asia-Pacific,4.0,Winter,961.5593718236602,919.921995463489
roadTransport,USA,22.0,Summer,1995.4631039285732,2444.165351108542
electricity,Europe,16.0,Spring,3949.1228231326663,4813.366656742305
rawMaterial,India,1.0,Spring,12771.433406725491,12160.430866473733
diesel,Europe,5.0,Spring,2375.0289799402562,2531.2315772382717
diesel,USA,23.0,Summer,2390.8161233550313,3208.938294582437
roadTransport,Europe,18.0,Spring,379.2320821503376,449.309734474709
rawMaterial,Europe,10.0,Autumn,16805.435242371055,16510.927712973196
electricity,Europe,11.0,Autumn,8104.306617520985,8507.740523121429
roadTransport,Asia-Pacific,10.0,Spring,3300.277260929153,3452.6132465945557
diesel,USA,9.0,Autumn,1690.5048163535112,1581.1054317153335
rawMaterial,Asia-Pacific,21.0,Summer,10638.881315262446,13699.245417182827
diesel,India,5.0,Autumn,2290.6101539593355,2497.925079312522
electricity,India,7.0,Spring,4974.953456062041,5658.641246345165
roadTransport,Europe,20.0,Spring,6836.86959364731,7504.679585932698
rawMaterial,Asia-Pacific,10.0,Winter,2648.394846897742,2685.89148501328
roadTransport,USA,15.0,Autumn,10010.030828288393,11748.938518821276
diesel,Asia-Pacific,9.0,Spring,1426.9862851389119,1381.5978497707638
diesel,USA,16.0,Autumn,857.4785033246097,969.4731098805012
diesel,Europe,1.0,Autumn,1088.8551357840204,1024.954085284268
diesel,India,4.0,Summer,1990.6755235849437,1940.4695853255093
rawMaterial,USA,22.0,Summer,14442.785833202222,17453.528961568936
rawMaterial,Europe,13.0,Winter,2868.3016404927284,3215.868219833351
electricity,Europe,6.0,Autumn,7246.362008034931,7320.881956864213
roadTransport,India,11.0,Summer,4396.812604234861,5324.824094192777
roadTransport,Europe,3.0,Spring,8125.626137628338,8534.071309177947
rawMaterial,Asia-Pacific,21.0,Winter,18564.116448579774,23020.868068536332
roadTransport,Europe,20.0,Autumn,170.11498850306316,238.00022174393587
rawMaterial,Europe,12.0,Spring,14892.456330154717,17300.420836089605
diesel,Europe,13.0,Autumn,2327.1426842369456,2569.6397071921924
diesel,India,13.0,Winter,2198.62995842993,2864.561956632209
diesel,USA,6.0,Summer,666.6083507824679,620.7338098050755
electricity,Europe,17.0,Winter,662.1508799030023,799.7365390880454
electricity,Asia-Pacific,11.0,Winter,5483.077958195499,6051.849700665901
diesel,Europe,22.0,Winter,1503.310798656702,2168.406357992885
diesel,Asia-Pacific,22.0,Spring,2409.8433358906996,2913.3320815584384
electricity,USA,9.0,Spring,5981.133282054429,6303.4378389681415
electricity,USA,24.0,Autumn,5156.427052080117,6282.116509409518
diesel,Europe,5.0,Winter,371.4268984735541,431.3480203846065
rawMaterial,Europe,21.0,Winter,19583.89563251806,22847.962951423935
diesel,USA,7.0,Spring,1667.222749975926,1716.7613851120366
electricity,Asia-Pacific,4.0,Spring,1810.5160433111723,1922.6841393739076
diesel,India,10.0,Winter,2131.6508804783894,2579.920612293989
electricity,USA,17.0,Summer,4639.5213411642835,5599.156865679302
electricity,USA,6.0,Spring,1848.2459404836866,1881.526435485757
roadTransport,India,3.0,Summer,2181.8134753324844,2158.165924773934
rawMaterial,Asia-Pacific,8.0,Summer,5241.138161422923,5147.8050447382875
diesel,USA,8.0,Winter,1383.9121866587213,1814.3436279199077
electricity,India,7.0,Summer,4753.114890553332,4970.195067104914
electricity,Asia-Pacific,16.0,Winter,3814.8435270765976,4431.763660092128
electricity,India,13.0,Winter,2390.0549883576177,3030.8311558017217
electricity,USA,19.0,Autumn,759.6807261855164,921.2445952830224
electricity,Asia-Pacific,4.0,Winter,6807.57216463408,6931.854712166117
roadTransport,Asia-Pacific,0.0,Spring,4333.969393065479,4646.039052216663
electricity,Asia-Pacific,16.0,Summer,4532.268990286608,5350.074004619631
electricity,India,4.0,Autumn,5730.958705650299,6318.480776414596
diesel,India,16.0,Summer,232.43698120944248,279.8652000875678
electricity,Europe,10.0,Winter,2383.643726470752,2282.7825763584956
rawMaterial,Europe,15.0,Winter,3208.899141308447,4097.945822485587
diesel,Asia-Pacific,18.0,Summer,1391.6915777851377,1708.824170929458
roadTransport,Asia-Pacific,9.0,Spring,765.0163373210637,687.0125928028393
roadTransport,Europe,23.0,Autumn,2768.7959670584114,3521.404154761584
roadTransport,Europe,3.0,Autumn,6888.298037413154,7218.116668597534
electricity,Asia-Pacific,6.0,Summer,2306.5250270438614,2511.9671785192972
electricity,India,21.0,Spring,5861.665503532058,8197.711144771314
roadTransport,USA,5.0,Winter,2455.663592970609,2329.791241914318
electricity,USA,5.0,Summer,7832.256122975891,7405.415385001433
roadTransport,Europe,14.0,Winter,3992.1303410433948,4262.026064985341
roadTransport,Europe,14.0,Winter,320.3101599026534,353.784075097015
electricity,Asia-Pacific,18.0,Summer,7927.334874491088,8872.085099625067
roadTransport,USA,2.0,Summer,3595.7903394519117,3663.7233750782502
roadTransport,USA,10.0,Spring,77.18757706840036,70.35239789725456
diesel,India,5.0,Winter,2617.1126254025944,3030.042271142132
diesel,USA,22.0,Winter,911.2029118925318,1249.8278155731396
rawMaterial,India,17.0,Summer,614.6803929153284,695.4770621440064
roadTransport,Asia-Pacific,20.0,Winter,329.1435675601061,381.80897843012093
rawMaterial,USA,19.0,Summer,3421.3981432183655,3998.9849544129925
roadTransport,USA,12.0,Summer,4571.170504086256,4913.136190582032
roadTransport,India,4.0,Summer,5050.17767093794,4990.075738670932
diesel,India,13.0,Spring,500.2821811862244,545.409455797596
roadTransport,Europe,17.0,Autumn,1822.9542248447808,2154.7030037023383
diesel,Europe,22.0,Winter,212.23139939017184,313.4825386912532
diesel,Asia-Pacific,4.0,Summer,481.4045471165874,483.1104491520623
roadTransport,USA,14.0,Autumn,5423.091922662056,6296.398330567626
electricity,Europe,18.0,Spring,535.2638731020074,641.8491566991864
electricity,Europe,22.0,Summer,6058.822404116782,7833.155999119971
diesel,India,24.0,Summer,659.8711310316089,925.5731024136392
roadTransport,USA,1.0,Autumn,2691.9869758025507,2829.212820647253
roadTransport,Europe,21.0,Summer,591.7317876836507,715.1916963212868
diesel,USA,10.0,Winter,638.3043476692765,788.2803665553323
roadTransport,USA,0.0,Autumn,6159.4452661687355,5774.980276602698
diesel,Europe,22.0,Summer,2179.9960067660227,2583.198531020795
diesel,Asia-Pacific,23.0,Autumn,634.3151953049612,787.3215856265041
rawMaterial,Europe,14.0,Winter,17547.407991206008,19312.37512799943
rawMaterial,Europe,14.0,Winter,28368.544018712044,31999.887034074844
electricity,USA,8.0,Spring,3806.200582142945,3745.8361689127432
rawMaterial,USA,21.0,Winter,13916.925633304958,16392.963310029478
rawMaterial,Europe,7.0,Autumn,29124.837300084444,30390.464562948815
diesel,USA,15.0,Summer,643.3253475906706,683.5837894150416
rawMaterial,Europe,19.0,Spring,1653.5675823413976,1943.801080364355
electricity,USA,16.0,Spring,3779.019203286814,4428.90098876882
diesel,Asia-Pacific,9.0,Winter,886.0150311732593,1105.6707246881879
diesel,Asia-Pacific,6.0,Spring,2526.1317344354934,2487.9642962954913
rawMaterial,Europe,0.0,Summer,21558.72873888165,24223.316221898593
roadTransport,USA,9.0,Autumn,309.2495888547364,308.7649769258691
electricity,Europe,7.0,Summer,7155.874777771392,7213.033310044752
electricity,Asia-Pacific,17.0,Autumn,4234.306482153516,5061.138753867472
rawMaterial,Asia-Pacific,15.0,Autumn,21345.371472965333,23676.624356114477
diesel,Europe,0.0,Spring,760.0297951612198,727.7468899994715
electricity,Europe,24.0,Summer,5223.46877576252,6151.585035175786
diesel,Asia-Pacific,8.0,Spring,1253.6506108992137,1296.521670793946
electricity,Europe,21.0,Spring,1303.1063855427547,1633.1996263081414
electricity,Asia-Pacific,2.0,Winter,2497.692336115883,2611.5559009707945
rawMaterial,USA,4.0,Summer,7175.99550344696,7363.143729712424
diesel,USA,0.0,Spring,2471.4229275359608,2613.8032907523657
diesel,India,2.0,Autumn,2595.1486094316765,2442.4632764054695
rawMaterial,USA,3.0,Spring,20297.90277009475,20936.358493407322
diesel,USA,0.0,Summer,1048.4535683239785,1076.200000406391
rawMaterial,Asia-Pacific,22.0,Winter,22420.455288819612,27321.79957387287
diesel,India,1.0,Summer,1025.6141018468174,1055.8954771133017
diesel,Europe,16.0,Winter,732.7060812414298,1061.793709191807
electricity,Europe,1.0,Summer,7254.462239130989,7093.599457859758
diesel,India,16.0,Summer,1759.9402661147758,2181.136755577434
rawMaterial,Asia-Pacific,11.0,Summer,20942.233001107415,24122.311350573324
roadTransport,India,2.0,Spring,5449.780060678464,5646.795850886591
rawMaterial,Asia-Pacific,4.0,Winter,11543.4895928262,12145.611609144738
rawMaterial,USA,15.0,Autumn,13512.063711433188,13899.504439436498
rawMaterial,India,13.0,Winter,19224.775879915924,22143.306207737587
diesel,Europe,13.0,Summer,479.604693614381,558.7975445546582
electricity,Asia-Pacific,1.0,Spring,6307.287513571962,5757.520208095347
diesel,USA,10.0,Autumn,781.5728116491864,796.0007523888331
diesel,Asia-Pacific,18.0,Winter,2036.3460483350345,2807.705074513727
electricity,Asia-Pacific,17.0,Winter,4145.588906885176,4994.961260747027
roadTransport,Asia-Pacific,17.0,Winter,7715.782707450675,8030.223522617103
rawMaterial,India,19.0,Autumn,16224.876966772366,18015.666602093974
rawMaterial,USA,7.0,Autumn,15840.774453432647,15732.09747141792
electricity,USA,9.0,Summer,1545.3237600582863,1588.856299241222
electricity,India,8.0,Winter,935.2319177266801,1199.6145673732497
roadTransport,India,14.0,Summer,5503.416296774355,6040.59983449424
electricity,Asia-Pacific,13.0,Summer,7308.705509648708,7796.364284228772
rawMaterial,Europe,20.0,Summer,17651.720390165385,21253.2033686235
electricity,India,14.0,Summer,5210.92680268346,6723.028282971541
diesel,India,2.0,Spring,1039.442437321528,1095.4970601201244
rawMaterial,USA,8.0,Spring,3152.4735218493074,3033.9947572935534
rawMaterial,Europe,3.0,Winter,8273.516418592057,8188.322505268814
diesel,Europe,0.0,Autumn,1673.5911352373,1736.0473172921636
rawMaterial,India,13.0,Summer,5872.234956714536,6623.908028380114
roadTransport,USA,23.0,Summer,3812.6454017582637,4748.675658117062
electricity,India,20.0,Winter,7742.116537392312,10859.02574392937
electricity,Europe,2.0,Spring,7675.0865637568995,8709.492022597131
diesel,USA,19.0,Summer,2268.7769301805884,2571.650697541281
roadTransport,Asia-Pacific,14.0,Summer,9259.569155394722,10568.251399614683
rawMaterial,India,16.0,Autumn,18916.14229396093,23069.69770211966
diesel,Asia-Pacific,24.0,Winter,1389.217365490587,2023.8516175793304
roadTransport,India,15.0,Spring,1487.6139172263968,1719.3363271777366
diesel,Europe,12.0,Winter,1383.0265574730795,1766.4198791394083
electricity,India,4.0,Autumn,3281.383835500178,3807.8532454932565
rawMaterial,USA,5.0,Autumn,11636.755876527002,11468.209156794033
roadTransport,USA,1.0,Spring,6574.623667374473,6564.979481671484
rawMaterial,India,24.0,Winter,25439.86608901168,31650.67822324066
rawMaterial,Asia-Pacific,14.0,Winter,1765.8280510800225,2081.590216051235
roadTransport,Europe,17.0,Spring,11456.450918830089,13496.06225687834
roadTransport,Europe,11.0,Summer,917.7262988695927,990.1256991041815
diesel,Asia-Pacific,14.0,Spring,1409.9702363218362,1541.7821582268903
electricity,Europe,4.0,Summer,2476.874505803757,2443.279255037823
rawMaterial,Europe,6.0,Winter,11067.291654822551,10326.188662684704
electricity,Asia-Pacific,8.0,Spring,5044.506549352429,5253.416302423948
electricity,Asia-Pacific,3.0,Winter,1315.5544134546167,1346.092624275657
roadTransport,Europe,7.0,Spring,1054.6057549321808,1084.556270439797
diesel,India,24.0,Winter,324.5498234661974,407.48979255075085
electricity,Europe,24.0,Autumn,3226.9912985854744,3838.824996072075
electricity,India,9.0,Spring,5981.189510828633,6497.264408017133
diesel,Europe,19.0,Summer,411.15869716238416,443.1834912080462
rawMaterial,India,5.0,Summer,28028.39684092081,28015.507752729292
rawMaterial,India,11.0,Winter,16653.40083079568,18748.157474015723
rawMaterial,USA,15.0,Spring,22165.711359886787,21417.654397159946
electricity,India,15.0,Autumn,3976.101146359334,5101.305433247803
rawMaterial,USA,9.0,Summer,14712.929332277221,14300.80427129133
roadTransport,Europe,13.0,Winter,1649.853227006687,1940.4826800309406
rawMaterial,India,15.0,Autumn,2362.7896137618104,2632.458296884878
electricity,Asia-Pacific,17.0,Summer,2258.424821568444,2757.6943388090003
rawMaterial,USA,13.0,Spring,2713.279632303142,2988.4820974662402
diesel,Europe,7.0,Autumn,379.58742424875356,377.4985138143532
electricity,India,14.0,Summer,7123.303954528714,9667.772873370517
roadTransport,India,19.0,Spring,5442.406963100568,6510.3834654512975
electricity,Europe,0.0,Spring,7242.195542694369,7722.629257723596
roadTransport,Europe,5.0,Summer,6685.37921042313,6098.785065599721
electricity,Europe,4.0,Spring,3144.883899809826,3160.9152094862593
electricity,India,12.0,Winter,2606.455368441208,3348.3758149286145
electricity,USA,13.0,Spring,3213.091530001032,3657.67172317391
roadTransport,USA,16.0,Autumn,8003.5853966549375,8985.60352476173
rawMaterial,USA,3.0,Spring,11606.75325571915,11357.247540556034
rawMaterial,Europe,14.0,Winter,1038.1025915171808,1267.9385429398292
electricity,India,17.0,Summer,1504.6798113628686,2049.147210762935
diesel,USA,19.0,Summer,1028.449378214585,1248.7845088304225
roadTransport,India,10.0,Spring,542.0940269481139,551.06462746858
diesel,Europe,6.0,Spring,1443.243539343873,1413.6284488942295
diesel,Asia-Pacific,10.0,Spring,1698.3480852101525,1908.9985220017302
roadTransport,USA,8.0,Autumn,4292.124921921156,4185.473529516951
diesel,Asia-Pacific,21.0,Winter,983.3445328244379,1333.9872938056167
rawMaterial,USA,13.0,Summer,2103.567154871442,2178.5276276629925
electricity,Asia-Pacific,6.0,Summer,6072.802590759168,5783.501211689164
rawMaterial,Asia-Pacific,4.0,Winter,17204.669625312392,18004.14398610043
diesel,Europe,20.0,Autumn,974.9107338049128,1213.1648369418558
electricity,Europe,3.0,Winter,5401.312869005,5802.418841465674
electricity,Europe,3.0,Winter,5047.470756860476,4915.774536950571
diesel,Asia-Pacific,6.0,Summer,1154.9710011419736,1102.3522513200992
roadTransport,India,4.0,Spring,3744.146660709163,3893.627412324743
electricity,Europe,4.0,Summer,6196.542019597413,6357.493751465988
rawMaterial,Europe,16.0,Spring,12994.493707124144,14618.447936312423
roadTransport,Europe,0.0,Winter,3693.6481267908534,3631.8070882817096
roadTransport,USA,3.0,Spring,9334.679954092999,9313.116156782475
electricity,Europe,10.0,Summer,6427.056155340053,6290.819383786063
roadTransport,Europe,1.0,Summer,1041.3432638509023,1038.612460914198
rawMaterial,USA,12.0,Summer,8812.591564058615,10156.321792008666
diesel,USA,16.0,Winter,297.9444417030379,419.2079852324865
rawMaterial,India,0.0,Spring,18726.315862395997,17329.576789527422
rawMaterial,India,8.0,Summer,24219.48220899644,25121.429106750686
diesel,Europe,16.0,Autumn,1952.5147763444268,2138.4237482298263
diesel,Asia-Pacific,6.0,Spring,1046.2901761885696,982.9801042533469
roadTransport,Asia-Pacific,12.0,Winter,3086.6209989809026,3577.5604964288864
diesel,Asia-Pacific,24.0,Autumn,1226.8854567210008,1573.578847625833
diesel,India,13.0,Summer,2594.503580584508,3066.564624074276
diesel,Europe,23.0,Spring,777.1691466921184,852.6284286383558
rawMaterial,India,15.0,Winter,22168.971547806465,24957.53089592884
rawMaterial,USA,6.0,Summer,13982.748433045073,15254.533369584995
diesel,USA,17.0,Winter,2533.802905399291,3552.464853411157
rawMaterial,USA,12.0,Autumn,5870.873906932486,6798.384474314409
electricity,India,2.0,Spring,3585.7577873385003,4193.7833095641
rawMaterial,India,8.0,Autumn,14369.073738958374,14087.16110384653
roadTransport,India,7.0,Winter,8592.15755987852,8576.88546488496
roadTransport,India,10.0,Winter,923.8959972384039,926.9405957561698
roadTransport,USA,23.0,Spring,9258.585725851844,11444.614794554676
roadTransport,USA,14.0,Spring,1437.5664530816207,1642.8031161400638
diesel,Europe,12.0,Summer,2433.5641765136,2873.3348402949036
roadTransport,USA,20.0,Summer,5549.874666989205,7271.194623628201
diesel,India,21.0,Spring,181.24240247186464,200.89826391911225
electricity,Asia-Pacific,20.0,Autumn,1238.5765962816204,1445.1752420432351
rawMaterial,Europe,10.0,Winter,3905.6816170277593,3665.021814516055
roadTransport,India,16.0,Autumn,3279.280002087253,3577.3986379858607
diesel,Europe,14.0,Autumn,1380.0164360814488,1486.4098557613445
diesel,USA,9.0,Winter,1103.1680089731715,1291.7801234878295
roadTransport,India,24.0,Winter,7825.031667705762,9716.788224689697
diesel,India,16.0,Autumn,1080.6053401882152,1329.656564779048
roadTransport,Europe,13.0,Autumn,3490.4576026731283,4319.092993624853
roadTransport,India,17.0,Summer,5948.696214129952,6895.50226769696
electricity,India,20.0,Spring,2928.092446923815,3832.7086226095967
rawMaterial,India,2.0,Summer,28379.295289523183,25605.096982356707
rawMaterial,Asia-Pacific,22.0,Summer,24944.674490169426,29036.235316537524
diesel,Asia-Pacific,20.0,Autumn,910.577479996206,1040.6471326946248
rawMaterial,Europe,15.0,Autumn,20310.67239828753,25021.653330922563
roadTransport,India,17.0,Winter,113.86336548142931,127.34026623335492
rawMaterial,Europe,5.0,Autumn,5508.980073613482,5613.743684239801
rawMaterial,Europe,11.0,Spring,3186.038962166392,3803.8063101637445
roadTransport,Europe,9.0,Autumn,7439.994701159597,6830.180097071463
roadTransport,India,7.0,Spring,1811.7569416429549,1836.4357601654983
roadTransport,India,24.0,Autumn,4810.722746148213,6728.7235541681575
diesel,India,21.0,Spring,490.06956341036425,589.0210733647212
roadTransport,USA,2.0,Summer,556.9539576580995,486.7749552502241
diesel,India,6.0,Spring,2398.1323961951994,2342.3850490709615
roadTransport,Asia-Pacific,18.0,Summer,3940.0705843791916,4607.287852049994
roadTransport,Europe,6.0,Winter,7037.7892714069585,7412.422839208995
rawMaterial,Asia-Pacific,8.0,Winter,12388.897629951462,13315.426134054063
roadTransport,Asia-Pacific,21.0,Winter,5984.405914949379,8315.12334622732
rawMaterial,India,11.0,Winter,28244.94617109363,30673.59838951774
electricity,USA,7.0,Summer,1071.1898421177611,1093.7348759766235
rawMaterial,USA,20.0,Autumn,23997.048920156765,28569.331520001637
rawMaterial,Asia-Pacific,7.0,Autumn,4384.7905226949,4548.843217191558
electricity,Asia-Pacific,22.0,Spring,3859.8662316236746,4784.837330769935
roadTransport,Asia-Pacific,2.0,Spring,3049.920035581963,3200.269780738641
electricity,Asia-Pacific,3.0,Autumn,7430.416052206161,7763.822400309895
electricity,USA,19.0,Autumn,7178.212752345522,8685.926502041002
electricity,USA,12.0,Autumn,5689.078705443083,6717.169281966703
diesel,India,8.0,Winter,2455.3779967234677,2917.8611908762496
roadTransport,India,12.0,Winter,4579.028407413852,5456.348140972771
electricity,Asia-Pacific,23.0,Winter,6993.318519133021,8346.158873543254
rawMaterial,India,8.0,Autumn,14827.325700297924,12777.834666649089
rawMaterial,Europe,14.0,Summer,16094.679739745437,18408.933219662697
electricity,Europe,16.0,Autumn,4352.315669055672,4535.347431251673
roadTransport,USA,15.0,Autumn,6249.287027440785,7002.072605795062
roadTransport,USA,8.0,Autumn,819.0753634657807,866.2556327741253
electricity,India,17.0,Winter,8043.56370290121,10867.198448692185
roadTransport,USA,19.0,Spring,6916.248089615635,7187.604756701565
electricity,Europe,14.0,Autumn,2261.3543517964054,2430.868891494082
electricity,USA,11.0,Winter,7752.074453709817,8515.124599557841
diesel,USA,1.0,Autumn,987.4024859480361,1104.8523933904305
electricity,Asia-Pacific,15.0,Winter,2896.0401754399018,3318.3491372431786
diesel,Europe,15.0,Summer,1268.7340944416385,1439.0587885051461
diesel,Europe,23.0,Spring,402.472234260795,509.24218298238173
electricity,India,12.0,Autumn,6484.973706140478,8728.400497609036
diesel,Europe,13.0,Spring,1870.838341024973,2207.2500063667662
electricity,Europe,12.0,Winter,4843.080193646674,5248.212207709638
rawMaterial,India,14.0,Spring,5756.798935342497,6257.20050892393
rawMaterial,USA,5.0,Summer,24241.63372725343,25046.93774570034
roadTransport,USA,17.0,Spring,1372.8729967859713,1673.9963906674668
roadTransport,India,14.0,Autumn,4572.975104523048,5280.2638364970835
rawMaterial,Europe,0.0,Spring,21713.485304100297,20337.479058206878
roadTransport,Asia-Pacific,13.0,Autumn,4114.66892259379,5124.975132325396
roadTransport,India,2.0,Spring,4548.293015622855,4428.797230934541
roadTransport,Asia-Pacific,20.0,Spring,1751.9926458023454,2214.658345104097
rawMaterial,India,12.0,Autumn,1156.734898080815,1334.4089043845931
diesel,USA,20.0,Autumn,1920.667650170137,2471.9913963135623
electricity,Asia-Pacific,20.0,Spring,1751.1859581680728,1984.0437718714074
roadTransport,India,6.0,Summer,877.8296104844225,907.4322015906347
rawMaterial,USA,22.0,Winter,20538.4821697848,24269.55136436219
roadTransport,Asia-Pacific,3.0,Spring,487.73881302299594,508.2462459045095
electricity,Europe,12.0,Autumn,1164.916706140148,1195.1487518401336
electricity,USA,17.0,Autumn,1177.4324223198785,1308.021384172819
diesel,Europe,3.0,Spring,1974.3867414534518,1990.2988101242656
roadTransport,Europe,22.0,Summer,8399.37862363588,8883.735850656452
roadTransport,India,6.0,Summer,6311.345019462534,6064.725210341295
roadTransport,India,5.0,Spring,2045.258585030544,2036.5415440625093
roadTransport,India,4.0,Summer,2809.4191250838635,2821.9280331021396
roadTransport,Asia-Pacific,8.0,Autumn,2756.2150162231414,2760.950605850408
diesel,Europe,5.0,Summer,362.6800739118926,342.17489770275256
rawMaterial,India,14.0,Autumn,17274.8413245847,18629.0532309244
rawMaterial,Europe,20.0,Winter,26716.907606687826,32312.241630686447
diesel,Europe,6.0,Spring,510.2584038357971,529.0517293955709
diesel,Asia-Pacific,5.0,Autumn,752.043718401665,802.0073006959743
roadTransport,India,9.0,Summer,6720.222344805602,6423.502762907698
diesel,India,20.0,Autumn,412.19151950956876,520.5365400357218
rawMaterial,Asia-Pacific,23.0,Winter,12008.727236831994,15686.46974960201
roadTransport,USA,5.0,Spring,1445.9952612110224,1498.0535677130358
electricity,India,16.0,Spring,6152.196527216361,7948.80104089493
diesel,Asia-Pacific,24.0,Winter,1808.8790702937793,2656.2015503484936
rawMaterial,Asia-Pacific,16.0,Autumn,22107.856557669897,25347.48007415511
electricity,India,23.0,Winter,6729.0092150187975,9203.771579185339
electricity,Europe,23.0,Spring,7066.004923029679,9037.392568460895
rawMaterial,USA,0.0,Autumn,8327.708374025611,8626.698938802261
diesel,Europe,6.0,Spring,2492.984948495108,2514.431963680777
roadTransport,India,12.0,Autumn,414.91135756487006,451.0301183310656
electricity,Asia-Pacific,19.0,Spring,7520.386626865094,8743.999113140677
electricity,USA,24.0,Autumn,5985.986154537632,7462.813208391217
diesel,India,23.0,Autumn,1607.4156599499054,1884.3512380940506
rawMaterial,India,14.0,Autumn,27514.046215362425,31913.786903537137
roadTransport,USA,14.0,Spring,450.3099658803658,489.24608846059795
roadTransport,USA,20.0,Summer,103.42086217325564,124.35237843479898
rawMaterial,India,4.0,Autumn,15024.283127623867,15412.420847952742
electricity,Asia-Pacific,15.0,Winter,1060.278855590471,1205.2716703255737
diesel,Europe,0.0,Winter,921.0559080778033,1141.8348475558093
rawMaterial,USA,2.0,Winter,5318.6857554920625,5796.418442779598
electricity,Asia-Pacific,18.0,Autumn,4803.140339214557,5287.640679686223
roadTransport,Asia-Pacific,15.0,Autumn,7377.021992487531,8923.604445527155
roadTransport,Asia-Pacific,3.0,Spring,4951.045568807714,4832.309656904538
electricity,India,21.0,Summer,5209.326448021361,6891.191200937309
rawMaterial,Asia-Pacific,14.0,Winter,26736.3457718776,30270.49043182531
rawMaterial,Asia-Pacific,8.0,Spring,10330.60792622706,10771.71121752958
rawMaterial,USA,22.0,Autumn,16187.381933434905,18814.693463110252
rawMaterial,Europe,0.0,Spring,13679.021345215817,13692.088487037201
roadTransport,Asia-Pacific,7.0,Summer,2337.429211987428,2431.924551366666
roadTransport,Europe,22.0,Autumn,1475.8877875206135,1714.3260940791952
electricity,USA,5.0,Summer,4764.660938700084,4648.400161657106
diesel,India,2.0,Winter,707.7727348655444,857.0811220111657
roadTransport,India,17.0,Autumn,1224.8510670600713,1466.4207644719158
rawMaterial,Europe,15.0,Spring,24018.951155369723,29300.492772165166
diesel,India,8.0,Winter,1083.090358579524,1306.8702707962857
roadTransport,India,8.0,Summer,5665.680853923298,5205.744540635376
roadTransport,India,10.0,Summer,2429.9279584142564,2201.525457802574
roadTransport,India,20.0,Autumn,851.890185906698,1092.9831246910037
electricity,USA,12.0,Spring,1397.007372820039,1590.9717004268762
electricity,Asia-Pacific,12.0,Summer,2453.6920890201827,2648.748138586474
diesel,USA,22.0,Summer,299.5900561468906,395.89194363535563
rawMaterial,Asia-Pacific,6.0,Winter,11364.065920784675,10791.822073521935
rawMaterial,India,3.0,Autumn,18734.11031370996,18989.557782993506
diesel,USA,24.0,Spring,1179.850317447421,1574.6652511534767
electricity,India,14.0,Spring,7427.091781467834,10271.71281497842
diesel,Asia-Pacific,12.0,Winter,1007.0301304805447,1274.2810020715406
electricity,India,21.0,Autumn,3999.1818724645264,5413.064496723505
roadTransport,Europe,20.0,Autumn,1574.883136282354,1911.7629272713891
diesel,Europe,9.0,Spring,696.8336924102136,627.7160751463632
rawMaterial,Asia-Pacific,21.0,Autumn,5225.981743008755,6158.962439225586
rawMaterial,Europe,23.0,Winter,21727.000360161484,29955.642847223957
diesel,Asia-Pacific,20.0,Spring,1313.7743550156501,1574.0729647286332
diesel,USA,4.0,Winter,261.7298755476613,263.0332880844076
roadTransport,India,18.0,Spring,1102.4701263376126,1438.2971569381002
roadTransport,Europe,11.0,Winter,7267.876145295335,7950.397858996993
electricity,Asia-Pacific,6.0,Autumn,6249.548801840778,5974.6188677779855
rawMaterial,India,1.0,Winter,15248.628652840278,14914.8193044645
rawMaterial,USA,14.0,Spring,5222.213914796166,5685.466566081235
electricity,India,2.0,Spring,3987.9818913421404,4493.174360584605
electricity,Europe,16.0,Summer,1296.0581212329125,1443.3766548157605
electricity,Asia-Pacific,17.0,Summer,2497.9768047652424,2699.0141522227873
roadTransport,Asia-Pacific,2.0,Spring,1401.2880455975496,1313.4175694702483
roadTransport,Europe,11.0,Autumn,384.9973817096944,412.11676637994043
roadTransport,India,22.0,Summer,5956.828801159747,7597.681131987796
electricity,Europe,4.0,Winter,3953.8010309406645,4256.253595829633
roadTransport,USA,14.0,Autumn,1194.2274293121475,1491.4338992913367
diesel,India,15.0,Spring,372.8843225424053,430.14495698922354
diesel,Europe,15.0,Winter,1251.934906521995,1744.4896345359339
roadTransport,India,11.0,Spring,1602.2698549094503,1815.436956677805
electricity,USA,13.0,Autumn,2932.9624906602126,3351.785038164369
roadTransport,India,2.0,Summer,5709.775227604552,5754.994080198173
diesel,India,7.0,Summer,1111.0034899796685,1229.9087979793005
diesel,Asia-Pacific,11.0,Winter,209.63734541283216,257.2683447335468
roadTransport,India,21.0,Autumn,7475.9375186722855,8772.73582400224
roadTransport,Europe,18.0,Spring,9095.160765813873,10986.132649212595
rawMaterial,Europe,19.0,Summer,1630.2857663930536,1949.869001131706
electricity,Europe,15.0,Spring,2964.976340914521,3206.007775848941
diesel,Europe,20.0,Summer,2397.9683829081396,2914.7031675120384
rawMaterial,Asia-Pacific,16.0,Autumn,22641.299689662734,26686.738052216195
roadTransport,Asia-Pacific,12.0,Autumn,4247.4061064802845,4646.492415091244
roadTransport,Europe,14.0,Autumn,10551.054471303036,12592.952869880011
rawMaterial,Asia-Pacific,2.0,Autumn,20385.32855106871,19488.89105714211
electricity,USA,6.0,Summer,3508.9834860023952,3438.597984267956
rawMaterial,Europe,16.0,Summer,10990.761677652363,13296.451708662255
diesel,USA,20.0,Summer,1498.0444495741092,1901.841175223958
rawMaterial,India,8.0,Spring,2654.9732670491735,2561.3241144047356
roadTransport,India,1.0,Autumn,11120.57506898452,11237.966515475708
electricity,Europe,13.0,Spring,2367.7279484712058,2619.5806517663536
roadTransport,India,7.0,Autumn,11045.66696578282,10975.181152508381
diesel,India,3.0,Autumn,1719.9977497521782,1704.1526163006856
diesel,Asia-Pacific,3.0,Spring,2397.4857683631312,2189.096595649986
roadTransport,India,1.0,Spring,2604.588157395378,2557.9079224087945
rawMaterial,India,20.0,Winter,16832.978693132147,20092.378800225728
diesel,USA,16.0,Autumn,442.9422235701621,535.8616203939775
rawMaterial,India,18.0,Summer,18298.582669603875,23266.808616888196
electricity,Europe,21.0,Spring,5010.271075122979,6101.6618940514345
electricity,Asia-Pacific,0.0,Spring,2866.225172550234,2950.0738348950904
electricity,Europe,0.0,Spring,5043.728639626506,4819.494258432549
diesel,Asia-Pacific,15.0,Spring,1589.6431942141805,1928.7460805270612
rawMaterial,Europe,20.0,Winter,23849.44486984063,27415.164698876542
roadTransport,USA,20.0,Autumn,422.75428643378814,520.2492375435065
rawMaterial,Europe,7.0,Winter,27617.856326643065,28061.835387124935
roadTransport,USA,3.0,Winter,6654.608981000016,6721.42933708355
electricity,USA,1.0,Summer,2398.444390882689,2283.5493851766296
diesel,Asia-Pacific,9.0,Autumn,273.9838553358557,278.3607008155527
roadTransport,Asia-Pacific,21.0,Summer,275.86583231966813,349.224550783167
rawMaterial,India,6.0,Spring,26522.35078545965,26265.95133039822
rawMaterial,Europe,21.0,Summer,8032.850238529302,10196.452589025788
electricity,USA,15.0,Winter,7956.169469133045,7729.300872247118
rawMaterial,USA,13.0,Autumn,20987.831833331806,24118.268406143365
diesel,India,9.0,Autumn,1770.1606015131574,1778.0697444524164
roadTransport,India,20.0,Spring,7021.600480220436,8840.715942455541
electricity,India,15.0,Summer,7793.401093043626,11123.36469181859
diesel,India,12.0,Autumn,1738.218940713478,2029.3941862474826
electricity,Asia-Pacific,7.0,Winter,6106.45041143191,5758.723461048218
rawMaterial,India,10.0,Winter,1555.036133403712,1615.3979996002365
roadTransport,Europe,1.0,Winter,7456.72324996705,7423.567476883872
diesel,USA,15.0,Spring,899.0195433857328,1011.660035632419
diesel,Europe,23.0,Winter,193.44441735405323,279.5120015052191
roadTransport,USA,0.0,Autumn,5598.77337179338,5236.393582009262
electricity,Europe,2.0,Spring,5170.962596146805,5489.560463656849
roadTransport,Asia-Pacific,22.0,Autumn,4897.04758165755,6335.257498299219
roadTransport,USA,23.0,Winter,787.8545628719913,955.3543042619965
diesel,USA,14.0,Summer,2353.3708871445274,2617.557274129215
diesel,Europe,0.0,Spring,1079.293535879575,1038.964883829053
rawMaterial,Europe,22.0,Summer,20013.157824639376,26687.36404446557
roadTransport,India,14.0,Summer,1101.1455617299212,1292.403235164834
diesel,India,21.0,Autumn,538.4758221929719,634.0979511420809
roadTransport,USA,4.0,Summer,4542.756155666751,4508.226442082254
diesel,Europe,22.0,Autumn,2426.194711216753,2821.4792128978625
roadTransport,Europe,13.0,Spring,1912.2491479654107,2318.703744405816
diesel,Europe,8.0,Autumn,1548.0284876787414,1590.0121202764678
roadTransport,Asia-Pacific,15.0,Spring,1893.1140953379413,2210.6923166590686
diesel,USA,19.0,Autumn,2447.756281415647,2943.3642751228335
roadTransport,USA,24.0,Summer,328.86074864501245,424.3087749542489
electricity,Asia-Pacific,3.0,Autumn,5429.712771595391,5433.063828545424
diesel,Europe,9.0,Summer,1310.307461962774,1333.073844745023
rawMaterial,USA,19.0,Summer,4477.456952042252,4988.568760587773
roadTransport,Asia-Pacific,17.0,Summer,4653.952920815942,5565.004276082159
electricity,Asia-Pacific,5.0,Summer,2184.12529130729,2269.094873791781
electricity,India,10.0,Summer,7567.106722804442,8623.030651468385
roadTransport,Europe,24.0,Autumn,1064.4410340834092,1327.388479264473
rawMaterial,Europe,5.0,Winter,607.6823723480214,614.1329091134462
roadTransport,USA,4.0,Autumn,6262.268379021498,6337.597442607112
electricity,Europe,22.0,Summer,3759.230635246075,4534.822219438869
diesel,Europe,4.0,Autumn,1475.854015925822,1415.4655775452704
electricity,India,5.0,Autumn,2181.898680584052,2424.251349042138
roadTransport,USA,16.0,Winter,345.03826733982,371.47477259956196
electricity,Europe,9.0,Autumn,3875.015300175371,4054.201086323526
roadTransport,Europe,4.0,Winter,1734.3991239881275,1833.912061600391
rawMaterial,Europe,4.0,Summer,29085.458280076215,29314.701769994357
electricity,Europe,17.0,Winter,1684.0678312057526,1907.6144299491436
rawMaterial,India,0.0,Winter,3699.1624331110247,3700.259003108274
electricity,Europe,3.0,Spring,5574.994978656117,5477.867693436221
roadTransport,Europe,3.0,Winter,1756.4491785513792,1896.3609871033768
diesel,India,0.0,Winter,198.77253428319062,229.36591645148096
diesel,India,18.0,Spring,592.8748775298022,759.0518645866894
electricity,India,11.0,Summer,3589.6027395831125,5312.065714866513
diesel,India,22.0,Summer,2020.8034542436553,2580.6164889283637
diesel,USA,19.0,Spring,1577.5510213905864,1779.678056386931
electricity,India,9.0,Autumn,2163.6998897530398,2497.1561953378664
rawMaterial,USA,3.0,Winter,19556.28608692136,21660.859197561385
electricity,USA,5.0,Winter,5536.59031265045,5926.230738867325
rawMaterial,Europe,15.0,Autumn,12997.363322514484,14241.357789689557
diesel,Europe,9.0,Winter,408.6226056790414,529.2344521719932
diesel,USA,4.0,Summer,1481.4408049253223,1484.2618019657357
diesel,USA,3.0,Summer,733.5687315146238,730.4334125028973
rawMaterial,India,19.0,Spring,9395.638719272438,11244.147587060988
rawMaterial,Asia-Pacific,14.0,Autumn,10114.498833532494,12345.175519184322
rawMaterial,Asia-Pacific,19.0,Spring,13877.37343097489,16116.68166861519
rawMaterial,USA,12.0,Summer,1425.840810636171,1599.8004411749587
roadTransport,Europe,10.0,Spring,3157.343375922195,3179.152339522045
diesel,India,20.0,Summer,2033.0480051965046,2364.597521174784
rawMaterial,Europe,13.0,Winter,24396.702029819244,27568.58887027429
electricity,India,17.0,Summer,6014.807394085798,7648.899835150315
roadTransport,Asia-Pacific,7.0,Autumn,3527.2941812066447,3123.4019144808553
roadTransport,India,11.0,Autumn,399.9180330419733,457.2537382475004
diesel,Europe,19.0,Spring,870.9898273602772,1132.969575196363
roadTransport,India,3.0,Autumn,7074.599887773491,6864.07756004688
electricity,Europe,17.0,Autumn,2483.3080865826073,2953.2902953970215
rawMaterial,Europe,10.0,Autumn,3542.147221516656,3451.464156448602
roadTransport,India,10.0,Spring,8970.363192882667,9063.813149957308
rawMaterial,Asia-Pacific,23.0,Autumn,2578.1581029858835,3277.7111560456583
diesel,Europe,6.0,Summer,1295.729318443376,1349.3410399161698
electricity,Europe,4.0,Winter,4478.274929706026,4496.392961001507
rawMaterial,Europe,10.0,Autumn,8447.174289437511,8376.131319118762
diesel,USA,19.0,Summer,2474.533824109559,3037.7547581295985
roadTransport,India,16.0,Summer,6957.765494233101,8297.91989029431
roadTransport,USA,12.0,Summer,5357.330761640343,5708.3847330546605
electricity,USA,3.0,Summer,4820.793384634693,4739.062518852659
rawMaterial,Europe,3.0,Spring,25308.36827029788,26099.550720209263
roadTransport,India,6.0,Winter,587.4110822030672,607.2866427336439
roadTransport,USA,7.0,Summer,2611.6788848830465,2468.729680041259
electricity,Asia-Pacific,21.0,Winter,5286.886424927932,6404.049995314772
diesel,India,24.0,Autumn,2659.520920064825,3159.3314969258586
roadTransport,India,11.0,Winter,2000.9757347284283,2164.322708957702
diesel,India,1.0,Summer,2550.9885241767397,2512.4081570956073
electricity,USA,10.0,Winter,6588.360994412698,6903.783145736621
electricity,USA,6.0,Winter,7017.704942586691,7066.521292785045
roadTransport,Asia-Pacific,20.0,Spring,3069.0270377634447,3754.105319166679
rawMaterial,Europe,0.0,Summer,4639.366038906486,4515.158405379956
roadTransport,India,22.0,Spring,575.3833975022276,761.5123548342596
electricity,Asia-Pacific,24.0,Autumn,5733.161309960918,7795.4732116521345
electricity,Asia-Pacific,21.0,Spring,2052.2637908592033,2512.803183140028
roadTransport,Asia-Pacific,15.0,Spring,2830.6366010999936,3098.9415514423968
rawMaterial,USA,23.0,Winter,12774.566114669526,15114.183526573745
roadTransport,India,15.0,Spring,1532.980899509967,1788.1407633431477
electricity,India,19.0,Autumn,6692.99807546842,8398.214526156968
roadTransport,Europe,21.0,Summer,3436.5591229147935,3936.2236183475707
roadTransport,Europe,20.0,Autumn,928.2691382743074,1089.3337367739155
roadTransport,USA,0.0,Spring,4208.699945844431,3868.580983836423
roadTransport,India,3.0,Summer,11268.388161976762,10911.651798937506
electricity,Europe,13.0,Spring,520.5424369591066,637.292254463377
electricity,Europe,23.0,Summer,615.2891862681741,739.8298338580729
diesel,Asia-Pacific,10.0,Summer,275.5741851195684,278.55133366097704
diesel,Asia-Pacific,6.0,Autumn,351.78908475628424,371.8876867068279
roadTransport,India,20.0,Spring,946.6797665147561,1108.4473838833803
electricity,Asia-Pacific,19.0,Winter,7437.409367945657,8739.138040156007
roadTransport,India,5.0,Autumn,4778.380966032383,4646.770623471622
roadTransport,Europe,7.0,Spring,8985.89707662053,10185.817778799752
roadTransport,India,23.0,Autumn,1824.0455012048396,2224.016153020814
electricity,USA,14.0,Winter,6151.0710506677715,6757.8114994985
rawMaterial,India,22.0,Summer,2445.786554747848,3082.569522423222
electricity,USA,1.0,Winter,3642.526732157627,3337.676305233507
roadTransport,India,24.0,Winter,9129.01124494136,11022.46102000988
roadTransport,Asia-Pacific,18.0,Spring,5574.34691472875,6439.545426758344
diesel,India,20.0,Spring,863.7774273516717,1067.194837708194
diesel,Europe,13.0,Autumn,1523.208652253702,1854.9506599341214
electricity,Asia-Pacific,21.0,Winter,3876.2902559663394,4067.684722622257
roadTransport,Asia-Pacific,6.0,Winter,1888.079026149313,1910.8681368104924
diesel,Asia-Pacific,16.0,Winter,1650.272085337909,2320.02146631358
diesel,Asia-Pacific,13.0,Autumn,1977.4985698783667,2314.6004394895112
diesel,USA,20.0,Spring,1949.0581422688767,2253.5014133283125
electricity,Asia-Pacific,9.0,Autumn,7162.245630139714,7479.8348782668945
rawMaterial,Asia-Pacific,13.0,Spring,15326.88439975401,17820.6100995304
diesel,USA,21.0,Autumn,2435.858727295141,2622.5612338987303
rawMaterial,India,16.0,Autumn,27321.478640757596,33357.24013214339
electricity,Asia-Pacific,15.0,Summer,3970.2269349465178,4590.393186767698
electricity,India,6.0,Summer,3284.7418022204365,3864.9683795042693
electricity,India,14.0,Autumn,1484.8107071660013,1932.5959437616218
rawMaterial,USA,6.0,Spring,25834.549081737052,25196.799350873524
roadTransport,Asia-Pacific,24.0,Winter,4779.24313759143,5754.327948986782
rawMaterial,USA,23.0,Winter,7031.163536479162,8706.397252365705
rawMaterial,Europe,8.0,Summer,23944.513797003157,24068.177601663425
diesel,India,9.0,Autumn,1571.7990166158406,1556.9953539918013
electricity,India,18.0,Winter,1123.501945985411,1485.6295284487987
rawMaterial,Asia-Pacific,18.0,Summer,18433.96278390227,23035.66903856313
electricity,India,12.0,Spring,2603.693205512754,3308.376707506686
electricity,India,22.0,Spring,7938.757967047922,10693.155134201357
roadTransport,India,4.0,Spring,8363.92501944905,8325.296704418968
electricity,Asia-Pacific,10.0,Summer,3054.2547826942246,3105.3109660614527
rawMaterial,Asia-Pacific,1.0,Autumn,5085.899448291198,4866.309111909999
electricity,India,7.0,Winter,2276.890116195379,2543.9680104881386
electricity,USA,4.0,Winter,7349.004563000042,7704.0639061883185
diesel,USA,2.0,Spring,2678.0805499367298,2513.092854741733
rawMaterial,Europe,23.0,Summer,618.8808664373125,817.2891014517477
diesel,India,6.0,Winter,934.7233027612041,1101.5305794101475
electricity,Asia-Pacific,1.0,Summer,5716.190223454176,5510.456748522301
rawMaterial,USA,20.0,Winter,869.6330980644344,1078.43199949743
roadTransport,India,14.0,Summer,2342.412425672333,2519.5440653265614
electricity,Asia-Pacific,11.0,Winter,5138.981761619328,5823.6829752107815
rawMaterial,Europe,11.0,Autumn,6785.651859098552,7454.735277745805
diesel,USA,15.0,Spring,1438.3547824594616,1790.7074597208532
roadTransport,India,9.0,Autumn,7702.632261629306,7656.311735628337
roadTransport,Europe,10.0,Autumn,3297.801286287041,3077.5367118773333
rawMaterial,Europe,10.0,Summer,17847.864865929096,19496.704168464043
diesel,Europe,3.0,Spring,1266.1233807553717,1265.621452257818
roadTransport,USA,18.0,Summer,3897.802081931762,4775.805243056117
roadTransport,India,6.0,Summer,519.7240237302092,538.4989441513561
rawMaterial,USA,22.0,Autumn,2982.2303374561825,3580.715881748633
rawMaterial,India,17.0,Spring,28862.76424645473,33507.61629282927
rawMaterial,Asia-Pacific,9.0,Summer,3594.8407164458467,3808.459626449021
electricity,Asia-Pacific,23.0,Summer,798.3267842069746,973.454378384431
rawMaterial,Europe,10.0,Summer,6134.92520607008,6051.415831944829
rawMaterial,Asia-Pacific,14.0,Summer,10227.629506782834,11147.02885037825
roadTransport,USA,23.0,Spring,2309.3159005019984,2960.5942809874514
rawMaterial,Europe,13.0,Spring,5085.983399940083,5702.361234117767
roadTransport,Europe,12.0,Winter,4980.941813952298,5176.310530556056
electricity,Europe,12.0,Spring,8061.647698098822,8466.925189424841
roadTransport,Asia-Pacific,20.0,Autumn,227.24825181813836,271.5030850228071
rawMaterial,Asia-Pacific,4.0,Spring,18105.20931597843,18935.08409365844
electricity,Asia-Pacific,0.0,Winter,4498.453072512725,4351.843161011464
rawMaterial,USA,2.0,Autumn,5970.167245663472,5709.252882525893
rawMaterial,USA,20.0,Winter,19454.063891465034,22666.20409899984
roadTransport,USA,6.0,Spring,6804.02530761414,7351.525960428678
roadTransport,USA,1.0,Summer,1553.6322829397657,1422.700513229265
diesel,USA,23.0,Spring,1485.3128651151103,2005.8657404551006
electricity,Europe,19.0,Winter,6903.234277781114,8144.655290703289
rawMaterial,USA,10.0,Spring,9180.586803298747,10074.971198786197
roadTransport,India,21.0,Winter,4607.616720396029,5525.104060037325
roadTransport,USA,7.0,Spring,6564.581267217308,7022.03922151773
electricity,USA,16.0,Winter,1382.8410101446334,1472.1509107431273
diesel,USA,1.0,Summer,2343.7017414081593,2481.8800348339355
diesel,Europe,7.0,Summer,1224.3262828617137,1300.7643857483934
diesel,USA,1.0,Summer,181.30553050428253,187.59995897595377
electricity,Asia-Pacific,5.0,Winter,4328.599655406298,4019.610141789014
diesel,Asia-Pacific,2.0,Autumn,2261.408598241387,2192.3904266446857
rawMaterial,India,4.0,Summer,12418.394146378418,12314.721404281567
diesel,USA,24.0,Autumn,1779.908853018725,2085.0675699423205
diesel,USA,23.0,Summer,1321.9982836542122,1694.7623361974802
diesel,Europe,5.0,Winter,2623.598684337233,2846.1309341821616
roadTransport,Europe,13.0,Winter,2850.78872941801,3012.452539506621
roadTransport,Asia-Pacific,3.0,Summer,140.91778400109007,142.28177651889447
electricity,Asia-Pacific,15.0,Summer,3811.357989765508,4067.476303055305
roadTransport,India,9.0,Winter,202.39036057218468,209.64028893433593
roadTransport,Europe,24.0,Spring,3304.813287346204,4334.776287374835
electricity,Asia-Pacific,4.0,Autumn,4527.133183334534,4778.056687742348
roadTransport,India,12.0,Spring,3026.4165396858543,3560.287644589294
electricity,Europe,7.0,Winter,5834.654269279321,5922.466176006359
electricity,Europe,12.0,Spring,7916.055576290195,9120.33298461085
electricity,USA,13.0,Winter,4921.385192738063,5548.200866547467
rawMaterial,Asia-Pacific,2.0,Winter,9855.753111107766,9990.577139438064
electricity,USA,20.0,Summer,5672.279921750297,6475.259811079318
roadTransport,Asia-Pacific,21.0,Autumn,2060.394860246972,2326.8605185614947
diesel,Europe,23.0,Autumn,954.8780964761289,1246.8430280455943
electricity,Asia-Pacific,1.0,Autumn,2292.3596155227724,2260.477010384065
diesel,Europe,9.0,Autumn,1681.0463344658,1868.2403324327047
diesel,USA,16.0,Autumn,609.7982928807137,656.391527301636
diesel,India,19.0,Winter,2421.7927773181436,3618.6800989735434
electricity,USA,24.0,Winter,4498.176526878256,5502.084391563834
diesel,Europe,2.0,Autumn,2032.4861109925398,2122.1139763644437
electricity,USA,15.0,Spring,934.336240432535,995.2369706423173
electricity,USA,10.0,Spring,2265.4666466205877,2037.504421922217
electricity,USA,24.0,Autumn,642.2255310313055,827.2771639990008
roadTransport,India,23.0,Winter,4574.137136585791,5852.695554066573
roadTransport,Europe,21.0,Autumn,1462.7464213786595,1668.6946075007297
electricity,USA,7.0,Spring,7720.306227849416,6515.842127381192
rawMaterial,USA,1.0,Autumn,9979.76189449021,10476.84718349001
diesel,Asia-Pacific,6.0,Spring,2238.6181782249805,2275.372079586937
rawMaterial,Europe,13.0,Spring,5229.374930325681,5402.0882065515025
roadTransport,Europe,6.0,Autumn,12361.027625960225,13265.49480109785
rawMaterial,Asia-Pacific,14.0,Winter,1866.5513798201494,2166.74375134028
diesel,India,13.0,Summer,159.15347851067602,171.97815540838934
roadTransport,India,6.0,Autumn,570.5037433682284,525.5363585463377
electricity,Europe,1.0,Spring,5102.404210027538,4857.511194369744
roadTransport,USA,6.0,Winter,11610.490162857222,11738.39269890655
roadTransport,USA,17.0,Winter,242.28302949216243,279.9058861494189
roadTransport,Europe,24.0,Spring,1941.174376355244,2548.434329016457
roadTransport,Asia-Pacific,1.0,Winter,5128.851993322266,5141.836214248875
roadTransport,Europe,17.0,Summer,6652.394882875066,7824.730354273439
roadTransport,Europe,16.0,Summer,1398.5359333015026,1594.9557655965286
diesel,India,24.0,Summer,2408.4858390834715,3004.2356168231254
roadTransport,Asia-Pacific,20.0,Winter,2508.186805662369,2834.1126725590857
roadTransport,India,22.0,Winter,5744.784581491474,7024.475195288076
rawMaterial,India,18.0,Winter,5818.808746097932,6784.68332396685
roadTransport,Asia-Pacific,16.0,Winter,824.7845460987933,937.5046832771746
rawMaterial,Europe,3.0,Summer,5643.696209040631,5251.942960738609
roadTransport,Europe,18.0,Summer,3568.6541202840795,4537.57708185146
rawMaterial,India,14.0,Winter,24315.281739379217,28883.91171417653
rawMaterial,USA,16.0,Summer,3620.515309695266,4071.071265684659
diesel,USA,17.0,Winter,851.6148725816741,1150.7853925128181
electricity,Asia-Pacific,3.0,Spring,2212.7391567484447,2190.2898401468387
electricity,Asia-Pacific,15.0,Summer,3841.245182323066,4252.950725337129
diesel,India,0.0,Autumn,1650.2674899523201,1684.3656090687075
electricity,Asia-Pacific,23.0,Spring,8086.424526509477,10225.079865528134
roadTransport,Europe,5.0,Summer,4018.6617064464886,3831.0663529167
roadTransport,USA,4.0,Autumn,1939.9167971665427,1803.4901140474312
roadTransport,Europe,14.0,Winter,1168.2876201380557,1265.1584958826968
rawMaterial,Asia-Pacific,12.0,Summer,2616.8741076598267,2826.32319052725
electricity,Asia-Pacific,14.0,Summer,2958.7184741704864,3292.3309117659082
rawMaterial,India,13.0,Spring,12900.373705653292,14092.655978031726
rawMaterial,Asia-Pacific,12.0,Spring,22542.0443676016,26170.863644570218
roadTransport,Europe,0.0,Autumn,11165.465428091691,11116.19210067928
rawMaterial,Europe,19.0,Summer,21694.251170720043,25553.144494338638
rawMaterial,India,22.0,Spring,19765.443211559526,26178.35650921343
electricity,USA,18.0,Autumn,5937.532510740894,6961.255081863142
electricity,India,1.0,Summer,666.0006339441392,750.4188789369936
rawMaterial,Europe,22.0,Spring,22035.811206894952,25785.84321721467
roadTransport,USA,0.0,Summer,1299.2479762289963,1224.2412976108785
diesel,Europe,21.0,Autumn,513.5825511833125,584.1821625488261
rawMaterial,USA,7.0,Spring,23297.21584193824,23685.056476209986
electricity,India,8.0,Autumn,6741.167085072053,7529.3107995646615
rawMaterial,USA,15.0,Autumn,26455.23274995743,31687.30134212057
diesel,Asia-Pacific,14.0,Spring,2318.666771884707,2775.457460924878
diesel,Asia-Pacific,8.0,Autumn,1447.8933997310476,1477.297134200474
roadTransport,India,2.0,Winter,2064.5569058255364,2218.328746399576
rawMaterial,Europe,15.0,Spring,17162.934176340426,20552.48069798093
diesel,USA,15.0,Winter,881.0241769093798,1233.5687803568533
rawMaterial,India,10.0,Spring,12731.789433361522,12664.613439286142
roadTransport,Asia-Pacific,2.0,Spring,1458.8571663677246,1371.4935523088132
rawMaterial,Asia-Pacific,12.0,Spring,12525.761513539575,14078.560626119463
electricity,Europe,5.0,Autumn,1066.022807210652,1168.9290940648311
rawMaterial,USA,15.0,Summer,8965.672159789652,10816.845118495829
rawMaterial,USA,3.0,Summer,2616.541820022038,2355.852040286289
rawMaterial,USA,22.0,Summer,19326.023872921993,24277.64433916545
rawMaterial,USA,5.0,Spring,20198.209247989307,21442.96811304618
diesel,USA,3.0,Spring,1794.1595769187172,1860.835221087147
electricity,Asia-Pacific,23.0,Autumn,8033.265441182138,9845.646247161078
rawMaterial,India,14.0,Winter,2390.15753558923,2368.54980974211
diesel,Asia-Pacific,21.0,Winter,2403.973657015415,3384.6764313869935
rawMaterial,India,14.0,Autumn,2632.745696216506,3145.0052427111877
electricity,Europe,8.0,Autumn,6890.270488844008,6468.4482076454
diesel,USA,24.0,Spring,324.41066682429476,387.7797234553684
roadTransport,Europe,4.0,Autumn,2435.6315528022456,2367.994015936209
diesel,USA,2.0,Winter,1793.9687139424666,2229.817521489222
roadTransport,USA,18.0,Spring,1538.6273965680823,1831.050367653155
rawMaterial,Europe,18.0,Spring,18890.64345684412,21421.563765363935
roadTransport,USA,17.0,Spring,9214.06492311161,10454.522251754961
diesel,USA,18.0,Autumn,1772.4413277154708,2151.73722950222
roadTransport,USA,1.0,Spring,1647.36991800331,1449.869702677979
diesel,Europe,14.0,Summer,1228.121105697857,1513.7205128849723
diesel,USA,7.0,Winter,604.2325266922469,787.8587567976405
diesel,USA,4.0,Winter,2456.0290329251993,2946.8028900450417
diesel,Europe,9.0,Spring,701.55142185215,718.287785853401
electricity,India,4.0,Spring,810.1027589248488,1006.841958160523
diesel,India,6.0,Winter,2185.935686666234,2784.3621422282804
diesel,Asia-Pacific,9.0,Summer,2163.414835793461,2132.9687553618965
roadTransport,Europe,23.0,Winter,3317.1624237703777,3580.37955954544
roadTransport,Asia-Pacific,18.0,Winter,757.244796207806,938.5744993316446
roadTransport,Europe,17.0,Winter,5019.7153029001365,5735.770296561473
roadTransport,India,7.0,Winter,7760.125399710135,7958.591770489856
rawMaterial,Asia-Pacific,16.0,Winter,2614.718364323981,3195.442820014682
roadTransport,India,20.0,Winter,3987.9655402486433,4602.876377998821
diesel,Asia-Pacific,19.0,Autumn,2367.6215605344987,2949.9550507025156
electricity,Asia-Pacific,11.0,Autumn,2631.672370755635,2995.394077295898
electricity,Europe,20.0,Winter,2229.0573784415315,2854.596158500363
diesel,India,24.0,Winter,2256.593114466791,3435.3563030496525
rawMaterial,India,23.0,Winter,18383.77020319623,22139.66146375091
electricity,USA,11.0,Autumn,4878.389073904426,5751.8655200973835
diesel,USA,10.0,Spring,2494.809881470601,2498.3857598795653
diesel,Asia-Pacific,13.0,Summer,1035.4516841264642,1052.8818716408389
rawMaterial,Europe,23.0,Winter,17747.396937787948,21374.38477078302
diesel,USA,3.0,Summer,830.7542829432507,795.4009202213008
rawMaterial,Europe,15.0,Autumn,7244.54077216806,7822.090204636627
electricity,USA,17.0,Spring,2177.1388739532294,2606.4108428457193
roadTransport,India,20.0,Spring,5098.835069010866,6008.542193117756
rawMaterial,India,10.0,Autumn,15576.891695680179,15373.468924509276
electricity,USA,23.0,Autumn,2772.0251430364183,3514.8773726857276
diesel,Europe,20.0,Autumn,2650.048932010401,3122.9858952837217
roadTransport,USA,6.0,Winter,9949.61889331311,11115.748081675947
diesel,India,22.0,Autumn,1112.5021986103836,1332.5897595990118
diesel,USA,0.0,Spring,2641.5662182974875,2519.6571848572166
roadTransport,India,15.0,Winter,4992.298584047342,5506.989103091243
rawMaterial,Asia-Pacific,13.0,Spring,17807.32969653322,19141.437685161953
electricity,Europe,22.0,Autumn,6128.304842732259,7345.61488384996
diesel,India,2.0,Spring,219.8768535873525,242.3671845261649
roadTransport,India,17.0,Spring,11907.994779661394,14245.867129761566
roadTransport,Europe,24.0,Summer,514.5991269113786,615.4312772782046
roadTransport,Europe,9.0,Summer,1440.8684841211266,1339.617015121992
diesel,USA,4.0,Spring,425.07334830066094,436.18667077099263
rawMaterial,USA,12.0,Summer,6106.045335311674,7075.057305436701
electricity,Europe,19.0,Winter,7027.057672400471,8330.661084656227
diesel,USA,5.0,Summer,982.8865447820752,965.5522481709991
roadTransport,India,20.0,Winter,2366.457533208858,2719.052486208002
electricity,Europe,3.0,Winter,891.3000415421191,814.6212702644601
rawMaterial,Asia-Pacific,3.0,Autumn,3484.5761299914525,3445.765025206433
diesel,India,9.0,Autumn,589.4252691952081,618.0557411509504
roadTransport,India,18.0,Autumn,182.99870983093302,220.46696252260458
rawMaterial,Asia-Pacific,15.0,Summer,24425.724497429015,27971.690699628343
roadTransport,India,4.0,Winter,4801.915361556183,4771.729271042867
rawMaterial,Asia-Pacific,9.0,Winter,16734.766391658482,16484.905050638343
diesel,Europe,21.0,Autumn,1806.1068755997865,2094.2814152822484
diesel,India,3.0,Winter,1049.5150552001394,1232.9820692649782
rawMaterial,USA,22.0,Summer,12843.374113311673,15931.885942535751
diesel,Asia-Pacific,14.0,Summer,2651.4937752423302,3112.5799167243626
roadTransport,USA,18.0,Winter,7723.60195377914,8804.349395919917
diesel,Asia-Pacific,24.0,Autumn,372.81056080574103,431.9684470317649
roadTransport,India,19.0,Winter,3662.3229218371735,4620.439560834344
diesel,Europe,22.0,Winter,621.8221482421833,842.4133033899707
roadTransport,USA,23.0,Winter,1306.1748203150512,1527.827986245662
diesel,Asia-Pacific,17.0,Autumn,2481.1467133601323,3096.5154013036317
roadTransport,India,20.0,Summer,1302.214768340955,1651.8428625659674
diesel,USA,5.0,Winter,1467.0870590088182,1730.6451601765689
electricity,India,7.0,Winter,6116.610154985693,6718.588700300867
electricity,Asia-Pacific,4.0,Summer,1466.6137998457098,1400.7268724991525
rawMaterial,Asia-Pacific,3.0,Summer,13259.156867414478,13079.636835363326
diesel,India,10.0,Winter,1677.7551477638217,1954.990229500862
electricity,Europe,14.0,Summer,4177.94530460268,4498.251430851489
rawMaterial,USA,15.0,Winter,3778.3991481281546,4427.385466267911
rawMaterial,Asia-Pacific,11.0,Summer,24591.778652522124,27676.19739511979
rawMaterial,India,10.0,Summer,23234.701690668,23669.43487148802
electricity,India,11.0,Summer,5827.2311430622485,7029.657831984486
electricity,Asia-Pacific,1.0,Spring,4195.798101754361,4550.095949187571
diesel,Europe,12.0,Summer,658.8296857636707,716.2895687420931
electricity,USA,8.0,Spring,5529.690825417359,5126.777186523963
diesel,Europe,24.0,Winter,2616.6090183764113,4093.0878459965716
roadTransport,Asia-Pacific,10.0,Winter,7694.752066154257,7610.323667464896
roadTransport,Asia-Pacific,24.0,Autumn,2457.4091047484712,3079.6128660267323
diesel,India,20.0,Autumn,1037.5351806517804,1191.4588790137325
electricity,USA,0.0,Autumn,3982.9116718271835,4094.895640500208
rawMaterial,USA,4.0,Summer,19112.38454679882,19172.502294941973
diesel,USA,18.0,Autumn,142.89001740316226,165.79584555089986
roadTransport,Asia-Pacific,13.0,Summer,3968.2094531056387,4322.926058932094
rawMaterial,Asia-Pacific,13.0,Spring,29173.11850356795,32006.287117439246
roadTransport,USA,19.0,Autumn,2774.17992697005,3280.2058076032195
rawMaterial,India,19.0,Spring,16824.383694731216,20905.255715709867
rawMaterial,India,2.0,Spring,17826.039274747258,17956.37906610757
rawMaterial,USA,21.0,Summer,14970.893653350402,18650.335400912558
rawMaterial,Asia-Pacific,13.0,Spring,7086.99183300379,7550.123934911824
rawMaterial,Europe,9.0,Winter,22665.24849732099,21896.09860679758
electricity,India,4.0,Autumn,6190.731981479732,7329.301087111229
diesel,USA,4.0,Spring,1327.9099687099183,1283.467080325476
roadTransport,Europe,4.0,Spring,1596.262077396489,1592.2487293037555
electricity,Asia-Pacific,8.0,Summer,5663.550382860031,5679.000885774531
roadTransport,Europe,15.0,Winter,1578.3568664990555,1852.792970993285
diesel,USA,17.0,Summer,2278.981739833935,2603.0551063686157
rawMaterial,India,0.0,Winter,17176.57893189952,16192.327187629382
roadTransport,Europe,17.0,Autumn,487.98773527005096,546.9115961823181
rawMaterial,Asia-Pacific,12.0,Summer,1430.9230534072485,1648.0025715392946
roadTransport,India,17.0,Autumn,895.4107325737102,1098.277387739113
rawMaterial,India,12.0,Summer,25915.287593265944,31139.979918633344
roadTransport,India,14.0,Autumn,3574.0680321760797,3979.7476976342396
diesel,USA,13.0,Winter,2204.084666395028,3037.69941323966
roadTransport,USA,13.0,Spring,1992.4782131802797,2327.6024031017587
electricity,Europe,24.0,Autumn,1891.5530446304017,2359.7929141557825
roadTransport,Europe,0.0,Spring,5139.061701500412,4792.946274934362
diesel,Asia-Pacific,13.0,Winter,1646.2749976653906,2273.8240045190028
rawMaterial,India,0.0,Summer,4200.971902922707,4102.053046311607
diesel,India,24.0,Autumn,1592.726814033627,2177.1751061832633
roadTransport,Europe,11.0,Spring,7069.235028089975,7706.915050318189
diesel,India,3.0,Summer,935.3501888212464,977.8704191656428
rawMaterial,Asia-Pacific,10.0,Winter,26595.85138756353,27779.405320949365
diesel,Asia-Pacific,5.0,Spring,2475.93307089179,2379.428580952588
roadTransport,India,1.0,Autumn,894.562968725953,873.0685121269111
diesel,India,15.0,Spring,2593.3774459505157,3253.053701922967
electricity,USA,4.0,Autumn,7837.001161302979,7170.591953798868
rawMaterial,Asia-Pacific,6.0,Summer,14546.81992773839,14477.635704237873
rawMaterial,USA,3.0,Spring,9031.952710190899,9033.272162180849
diesel,Europe,2.0,Spring,1672.6155549079028,1793.1244172650545
electricity,Europe,22.0,Summer,7818.799778723033,8338.07108727755
diesel,Asia-Pacific,21.0,Winter,986.5924530344913,1224.7730855695067
electricity,Europe,17.0,Autumn,2070.2266128223,2627.8739549560487
diesel,India,12.0,Summer,2078.337173745006,2342.2383644036267
roadTransport,India,13.0,Autumn,1228.2180664113519,1415.3071876433485
electricity,India,16.0,Winter,4771.936020095708,6569.0000266331235
rawMaterial,USA,21.0,Winter,10880.239143806815,12591.903505955534
roadTransport,Asia-Pacific,24.0,Winter,3774.2757752951047,4510.789476584628
roadTransport,Europe,21.0,Summer,11573.0617875982,12584.04572288598
rawMaterial,Europe,2.0,Winter,4779.314576142462,4837.912486766366
rawMaterial,USA,20.0,Winter,29296.618202596605,33685.329509647716
electricity,Asia-Pacific,14.0,Autumn,5953.887308718437,7060.425751373238
electricity,India,10.0,Autumn,6492.545976154453,7871.188603581295
diesel,Europe,14.0,Summer,268.8661386926569,314.68838814920935
roadTransport,Europe,24.0,Winter,10322.420129199945,13632.212570749614
electricity,USA,4.0,Winter,4501.35528107072,4571.685580915259
electricity,India,3.0,Winter,5454.765966205389,5715.067673741362
rawMaterial,India,10.0,Summer,13625.11979525615,12973.41421593413
electricity,Asia-Pacific,19.0,Summer,2760.691370979298,3226.798766153036
electricity,Europe,9.0,Winter,530.4394349489123,521.9796557054882
electricity,Europe,19.0,Summer,7564.301151116,8780.578470610473
rawMaterial,India,8.0,Autumn,25029.41994674263,23009.488032871148
diesel,Europe,9.0,Spring,985.6200283934089,1040.1725627328274
electricity,India,1.0,Summer,4961.408203455062,5544.449513486476
rawMaterial,Asia-Pacific,3.0,Spring,8097.217421076522,8351.929685939878
electricity,Asia-Pacific,2.0,Autumn,7962.082235533313,7880.915388209142
rawMaterial,Europe,7.0,Spring,26094.395599831052,27028.46685385756
diesel,Asia-Pacific,23.0,Summer,2555.2511235933557,3356.9787929114104
rawMaterial,India,14.0,Spring,26226.09878996903,31571.506061033488
roadTransport,USA,16.0,Spring,5460.859432299003,6383.327167849533
diesel,Europe,4.0,Autumn,2507.6168981730834,2420.9520987114624
electricity,Europe,12.0,Winter,2358.5435261926127,2775.7414910547673
diesel,Europe,0.0,Summer,2379.86653959632,2205.299288922281
diesel,Asia-Pacific,3.0,Spring,633.7996585337089,626.1874435128007
rawMaterial,Asia-Pacific,3.0,Summer,1324.581081553606,1386.2411160366935
electricity,USA,11.0,Autumn,5802.363121768478,6650.165425298185
electricity,India,15.0,Autumn,2693.762989893829,3514.427530077841
electricity,USA,24.0,Summer,5225.267375674346,6982.571649995901
roadTransport,USA,10.0,Autumn,1083.8287074018308,1024.562189704116
diesel,Europe,15.0,Spring,1495.362390726138,1658.6075548783128
rawMaterial,USA,5.0,Spring,3581.58444256058,3241.7149731767304
diesel,Asia-Pacific,3.0,Spring,164.83999359032381,156.3483733904
electricity,Europe,21.0,Winter,2621.7234862542505,2914.9868092987963
electricity,India,13.0,Spring,5347.518460293314,6748.469522608918
electricity,Europe,22.0,Autumn,5403.112644819215,6331.009595970284
roadTransport,India,22.0,Autumn,7842.510875931713,9135.113016295849
diesel,USA,23.0,Summer,680.1014041953679,875.5414410192037
electricity,Europe,9.0,Spring,8108.768111066927,8324.508428080664
rawMaterial,USA,1.0,Winter,20700.45523063194,21958.912042652384
electricity,India,21.0,Spring,3010.105631779916,4077.609012006838
diesel,Europe,0.0,Autumn,2492.6497348740945,2502.6024908995064
diesel,USA,6.0,Summer,1363.400060542468,1368.9023155377402
rawMaterial,Europe,2.0,Spring,7855.6313829867795,8775.024083285174
diesel,Asia-Pacific,5.0,Summer,1080.10658281998,1026.5634159268618
electricity,India,22.0,Spring,1509.0047986359264,1976.4144594426548
roadTransport,India,13.0,Spring,1131.820946875903,1404.8928163975836
electricity,USA,17.0,Summer,675.6223423840075,812.2928211730101
diesel,Asia-Pacific,12.0,Winter,1293.1934123647366,1732.783329506213
roadTransport,Asia-Pacific,14.0,Spring,4830.609974020163,5417.225706094531
roadTransport,Asia-Pacific,19.0,Winter,298.95817213369844,367.22610816344803
rawMaterial,Europe,12.0,Winter,5115.880012164308,5751.071470024713
roadTransport,USA,8.0,Winter,1373.481823180875,1330.8259553862877
electricity,India,7.0,Summer,7623.024709986436,8353.155013878591
electricity,USA,15.0,Winter,803.1493897257602,971.4252696636106
electricity,Asia-Pacific,14.0,Spring,5714.959127123454,6371.733515995329
rawMaterial,India,2.0,Autumn,23062.25247556394,24536.203607737556
electricity,India,21.0,Autumn,4153.751835303584,5297.021738617852
rawMaterial,Asia-Pacific,9.0,Spring,617.8970468974348,616.4030549969322
diesel,USA,4.0,Winter,2318.9375085818956,2805.4636875289434
roadTransport,Europe,21.0,Spring,963.518620559167,1183.043638459265
roadTransport,USA,7.0,Spring,7729.591309581733,7374.240865637407
roadTransport,India,15.0,Autumn,3125.8241473799176,3452.5794844776474
rawMaterial,India,21.0,Spring,18989.345811619325,21304.979838597115
electricity,India,10.0,Winter,5174.5033066549295,5834.56096646924
rawMaterial,India,3.0,Winter,23011.105712462897,22343.595275445732
electricity,Asia-Pacific,12.0,Spring,8006.645471424043,9254.289660635895
diesel,India,10.0,Autumn,1671.8108074855413,1561.7395731058166
electricity,USA,2.0,Autumn,1681.483534751057,1620.6563546940474
diesel,USA,4.0,Winter,213.90877228641844,258.31716975577183
roadTransport,Europe,22.0,Spring,1152.826924005337,1563.3731197049904
rawMaterial,India,13.0,Autumn,12691.830578570522,14089.0099809004
diesel,Europe,4.0,Summer,1823.650327277282,1710.139806666695
roadTransport,India,13.0,Autumn,326.19665809793963,370.07025984395455
electricity,Europe,3.0,Spring,1583.5984666663371,1688.9714186783792
rawMaterial,USA,6.0,Winter,12476.538403287916,12264.85156856446
roadTransport,India,17.0,Autumn,9435.5559834908,10798.044092683129
diesel,Europe,10.0,Winter,2548.586749290082,3201.9378685627175
diesel,Europe,2.0,Spring,1783.224936502056,1704.5500060544325
roadTransport,USA,3.0,Winter,176.15617661931756,180.997563256673
roadTransport,USA,17.0,Winter,1320.4664110678998,1669.57329802793
electricity,Asia-Pacific,14.0,Winter,2999.950857733136,3572.7371921135095
roadTransport,India,6.0,Winter,346.15907700497775,355.90541994584834
diesel,Asia-Pacific,23.0,Spring,711.25830866141,919.6703852770099
electricity,USA,22.0,Winter,2096.2247546598865,2723.08945574126
electricity,India,13.0,Summer,4240.040167942761,4935.108655705977
electricity,USA,17.0,Summer,6452.118034050969,7398.0794960058
rawMaterial,Asia-Pacific,15.0,Spring,9309.855509136978,10515.511634265096
diesel,Asia-Pacific,3.0,Winter,916.1525528518431,1112.838129155715
roadTransport,India,1.0,Autumn,8336.601811274879,8232.760680829346
rawMaterial,Europe,1.0,Spring,25510.82783081552,24551.487035169135
electricity,India,21.0,Autumn,5124.642642586233,7284.838332326424
roadTransport,Europe,14.0,Summer,1280.7249765574327,1472.0418210318928
electricity,Europe,5.0,Spring,3599.972669875614,3519.8878554086145
electricity,India,8.0,Autumn,733.5597607482697,905.8173177291993
roadTransport,Asia-Pacific,22.0,Winter,2245.305505978977,2672.3623816291934
electricity,Asia-Pacific,17.0,Autumn,3152.6624812465893,3465.2568182792543
diesel,Europe,22.0,Winter,1586.2183733085185,2189.231457442886
roadTransport,Asia-Pacific,9.0,Winter,878.25562298517,914.3452596787149
electricity,USA,4.0,Summer,5545.367329747773,6005.216178088259
diesel,USA,18.0,Winter,284.6114192379131,401.27571500232983
diesel,USA,15.0,Summer,1493.4530162461122,1743.3906962319163
diesel,USA,6.0,Winter,2229.3609912733637,2757.6905240456663
electricity,Europe,16.0,Autumn,7625.347820242846,9138.667825032862
electricity,Europe,17.0,Summer,4026.6090097449087,4914.282082067721
electricity,Asia-Pacific,15.0,Spring,1629.3352764059355,1701.887298613294
electricity,Europe,1.0,Spring,6264.242338847387,6122.869610630208
rawMaterial,India,1.0,Autumn,18771.00633219182,19118.855385231924
roadTransport,India,6.0,Spring,1702.975675431954,1619.9732943537979
rawMaterial,Europe,7.0,Summer,18912.816830409807,19110.5263277158
electricity,India,0.0,Spring,4130.472986657589,4946.455498587695
roadTransport,Asia-Pacific,4.0,Summer,6926.091087994184,6703.212004073159
electricity,Asia-Pacific,8.0,Summer,3222.2394261296154,3045.783727360064
electricity,Europe,12.0,Spring,6695.366182870982,7025.108747805458
diesel,Asia-Pacific,18.0,Summer,1188.9302840669216,1264.9521756486793
diesel,Asia-Pacific,15.0,Summer,2219.899713729188,2365.199125486283
rawMaterial,Asia-Pacific,12.0,Autumn,23708.714202674877,27940.56510869099
diesel,Europe,9.0,Summer,1694.439420554945,1706.8084821775099
rawMaterial,USA,13.0,Winter,5421.57974650849,5903.548635509775
rawMaterial,Europe,13.0,Summer,10958.191850253976,13136.586842632963
electricity,Asia-Pacific,22.0,Winter,6765.387143474233,8086.5308125808
roadTransport,India,22.0,Spring,2027.6977550582722,2462.4373020872504
diesel,India,5.0,Spring,168.52909540898224,158.35776226604338
diesel,USA,15.0,Autumn,620.3763263771558,719.5822246470948
electricity,USA,3.0,Autumn,4973.073191709243,5217.822104924449
rawMaterial,USA,15.0,Autumn,24829.427204238717,26568.736827414115
roadTransport,USA,3.0,Summer,9059.096398516207,8748.837534509019
rawMaterial,Europe,4.0,Winter,12343.693063977991,11844.486250052281
diesel,Europe,2.0,Autumn,181.38364764277665,184.3172720454786
diesel,USA,8.0,Winter,1840.2339224150128,2464.104936327456
rawMaterial,USA,24.0,Summer,3130.2591349389295,3799.0919418305443
rawMaterial,Europe,24.0,Summer,8788.637964568112,10536.178383662405
roadTransport,India,8.0,Summer,2758.213512675893,2792.5595177948867
rawMaterial,USA,20.0,Autumn,21342.130293758302,25156.094751058066
diesel,Europe,1.0,Spring,167.2854355154688,160.06461349045912
electricity,USA,20.0,Summer,7853.187696104783,9399.47517458801
roadTransport,India,3.0,Spring,384.8485487028726,372.7392888340074
roadTransport,USA,7.0,Spring,3481.8543788953893,3171.613988902929
electricity,India,20.0,Spring,4790.838919259225,6342.406397902847
roadTransport,Asia-Pacific,0.0,Spring,8712.968139449977,8381.819407137253
diesel,India,8.0,Spring,489.51550062445,506.1838286482408
electricity,Europe,16.0,Autumn,971.7558350553365,1081.271712416884
diesel,USA,5.0,Spring,2556.0652592935458,2599.7252743887734
roadTransport,Europe,3.0,Summer,6290.6827266238515,6199.06146874119
diesel,Asia-Pacific,15.0,Autumn,1624.5513501198502,1807.5307253684343
rawMaterial,Asia-Pacific,15.0,Summer,5409.676056845374,6733.138384298672
diesel,India,0.0,Spring,1397.770261098887,1437.9441272008185
electricity,USA,13.0,Autumn,3344.5335268200374,3725.7581555558545
electricity,USA,7.0,Autumn,1221.4899606972783,1252.5579520002098
electricity,USA,2.0,Autumn,5361.542554960065,5609.713508544632
electricity,India,0.0,Summer,6020.711672037109,7333.950809982415
electricity,India,9.0,Spring,7517.413820962295,8951.84909666304
rawMaterial,India,11.0,Autumn,22162.507548250862,26125.406276323254
rawMaterial,Europe,12.0,Winter,16544.377711975365,17810.40570488778
diesel,India,9.0,Autumn,1594.0036649327212,1608.4485084534167
electricity,Europe,4.0,Summer,7010.142247708216,6623.6445471173565
diesel,India,8.0,Winter,2561.799296828379,3210.541466025005
roadTransport,Europe,11.0,Summer,2789.508082939125,3268.278869567369
rawMaterial,Europe,20.0,Spring,12567.952178795344,14459.874253349182
electricity,India,16.0,Spring,1287.4088920054428,1632.72443498718
rawMaterial,USA,3.0,Spring,20580.663158604053,19386.63805930851
roadTransport,Europe,2.0,Summer,1059.4892872664145,1135.3354492965464
electricity,USA,22.0,Spring,1957.5663479845675,2410.4331687503322
rawMaterial,Europe,14.0,Summer,19183.354986047234,20839.7665426369
electricity,Europe,4.0,Summer,7233.058916497468,6285.769973944615
rawMaterial,Asia-Pacific,20.0,Spring,10886.908595294593,14845.820453495027
electricity,Europe,14.0,Autumn,6777.931717770381,7692.784220396062
rawMaterial,India,3.0,Winter,23725.240642283967,25833.99319743398
electricity,Europe,21.0,Winter,4363.975137221237,5090.039519915037
electricity,Asia-Pacific,20.0,Winter,6408.967210543564,8019.870751171872
rawMaterial,Europe,19.0,Summer,4142.685993328756,5143.928450652576
roadTransport,India,9.0,Winter,1216.2546112179791,1189.517938160225
rawMaterial,Asia-Pacific,21.0,Autumn,18440.0857426219,20849.115394752556
roadTransport,India,12.0,Autumn,1477.1193416792469,1695.0611755590483
diesel,Europe,18.0,Spring,1144.689852506617,1460.031210872169
electricity,Asia-Pacific,7.0,Winter,8183.384124076726,8000.472385195779
electricity,Asia-Pacific,24.0,Summer,7811.9771164097365,9613.652712810099
roadTransport,Asia-Pacific,4.0,Summer,2517.720007989348,2663.760330940687
roadTransport,Asia-Pacific,8.0,Winter,1463.38979701214,1597.6978081544437
roadTransport,Asia-Pacific,23.0,Summer,10716.385650803135,13784.736389167834
diesel,Europe,10.0,Summer,1986.424917432601,1982.614625994946
diesel,Asia-Pacific,24.0,Winter,1146.4165392903906,1754.186936462837
electricity,India,24.0,Autumn,1093.6618861905215,1545.8551465372716
rawMaterial,Europe,3.0,Autumn,1933.2013064854077,1973.4654202955421
rawMaterial,USA,6.0,Autumn,3352.0511513272477,3422.2543195584694
rawMaterial,Asia-Pacific,0.0,Spring,6010.0274543508085,5898.955766635056
electricity,India,14.0,Autumn,5301.12117349226,6965.22422129482
electricity,USA,23.0,Spring,5237.556922061835,6850.479774336489
electricity,Asia-Pacific,24.0,Spring,1643.23124948066,2004.7950255974545
diesel,Asia-Pacific,14.0,Summer,738.0601095179218,861.2066071648821
roadTransport,Asia-Pacific,5.0,Spring,1107.1522468007117,1184.7180859762589
roadTransport,USA,1.0,Summer,5334.486117641005,5783.469567957308
rawMaterial,USA,14.0,Autumn,19892.065723611864,21957.241109315295
roadTransport,Asia-Pacific,3.0,Autumn,4133.060617275386,3918.493190315636
electricity,USA,9.0,Autumn,8094.496694481131,8255.039917224918
electricity,Europe,17.0,Winter,2104.3566799080777,2417.047305637354
roadTransport,Asia-Pacific,19.0,Winter,1073.1406257863582,1258.1172697854315
roadTransport,Asia-Pacific,23.0,Spring,2627.6471897864535,3150.776200267756
diesel,India,8.0,Spring,1433.3742207215719,1465.186155562986
electricity,Europe,8.0,Spring,1794.381764623101,1699.6453354510163
electricity,USA,11.0,Winter,3088.5159670672365,3156.8232308908177
electricity,Asia-Pacific,2.0,Winter,6292.895121494183,6140.212256750396
diesel,India,17.0,Summer,1063.2246561527397,1258.355880534628
rawMaterial,India,3.0,Winter,22599.41424403545,21588.897047846815
rawMaterial,Asia-Pacific,12.0,Winter,13651.916096859713,14772.751719769589
electricity,USA,4.0,Spring,4041.665322796557,4353.90960668531
electricity,Europe,22.0,Winter,1823.1538617770636,2251.5617471048654
rawMaterial,Europe,7.0,Autumn,13869.33135811856,13956.38605679909
rawMaterial,India,6.0,Spring,29056.679444714337,30421.295945589958
rawMaterial,India,21.0,Winter,28788.261066397878,33626.414235548706
roadTransport,India,3.0,Autumn,853.2626176653553,892.2188970955297
roadTransport,Asia-Pacific,23.0,Summer,4182.004967603453,4892.658393463217
diesel,Europe,21.0,Spring,1539.5872687320568,1816.4204555258436
roadTransport,Europe,16.0,Winter,548.4538241697722,580.2000241983108
roadTransport,India,5.0,Spring,350.48746182022984,358.4553165668204
electricity,India,22.0,Spring,7851.682721887569,11053.369560585521
diesel,India,0.0,Spring,1038.4483241323644,1054.4995257605212
diesel,India,11.0,Winter,1163.3760555600386,1528.7586021597835
diesel,Asia-Pacific,0.0,Summer,2643.2730077364654,2585.14039485056
electricity,India,12.0,Spring,8074.800691255603,11172.531297658728
diesel,Asia-Pacific,0.0,Winter,190.25068012875678,235.82127613259405
rawMaterial,USA,16.0,Autumn,21677.532004980567,24858.166816172088
electricity,Asia-Pacific,3.0,Spring,7191.026247649744,7514.762737674466
electricity,Europe,18.0,Winter,3424.308170918104,3916.7224151185014
rawMaterial,Europe,19.0,Autumn,1128.5264752401827,1404.9557414360527
electricity,India,4.0,Autumn,3757.945960298242,4699.714961996651
rawMaterial,Asia-Pacific,0.0,Summer,5246.945578373695,5026.055327060853
roadTransport,USA,11.0,Winter,1243.604509598803,1349.7445478981956
electricity,India,19.0,Winter,4840.954717804475,6551.546996082204
rawMaterial,Asia-Pacific,1.0,Winter,667.218418259146,639.0074731495878
diesel,Asia-Pacific,9.0,Spring,924.2791687218344,851.5861101316947
roadTransport,India,16.0,Winter,4176.237388485159,4803.055186075823
diesel,Europe,1.0,Summer,900.3960951650513,988.9097242105124
rawMaterial,Asia-Pacific,19.0,Summer,15856.340809743882,19950.61328847349
roadTransport,India,5.0,Winter,2375.464930895907,2489.0058447752162
electricity,India,12.0,Autumn,2580.161938460385,3386.279198694318
rawMaterial,USA,3.0,Spring,1890.4046922226378,1898.3150736414168
rawMaterial,Asia-Pacific,13.0,Spring,11822.36681982725,13126.207450166083
roadTransport,Asia-Pacific,1.0,Winter,195.49001351410354,200.49431516269968
electricity,India,5.0,Autumn,7561.310059920793,8105.701135490101
diesel,USA,19.0,Spring,1063.2353640334293,1168.9068477040632
rawMaterial,India,5.0,Winter,24386.193674538976,23681.45590177504
roadTransport,India,13.0,Autumn,8667.932797167949,9855.720134601253
electricity,USA,11.0,Autumn,610.2408602542591,676.7233156116401
roadTransport,Asia-Pacific,16.0,Autumn,4211.402312229489,5070.286048088216
roadTransport,India,20.0,Autumn,1074.5569389417935,1316.4140021059886
electricity,Asia-Pacific,14.0,Winter,6135.614947059844,6482.910562993135
diesel,Europe,10.0,Autumn,1904.769673062768,1927.971674497004
rawMaterial,Asia-Pacific,11.0,Summer,7619.974550628826,8929.32678068933
electricity,Europe,12.0,Spring,3841.123536352631,4174.793619391148
roadTransport,Asia-Pacific,10.0,Spring,1236.4794520603164,1247.1160947135243
diesel,Asia-Pacific,12.0,Autumn,2535.357388250204,3010.3435298557756
roadTransport,Europe,16.0,Winter,8832.429951972785,10018.610124692286
electricity,Europe,14.0,Autumn,7581.347171703984,8182.32837123819
electricity,India,18.0,Spring,4267.6314389495665,5259.310855610155
diesel,India,19.0,Summer,834.1672268006301,1070.2091687579261
diesel,India,3.0,Winter,337.06142822173854,397.5511679143494
rawMaterial,India,23.0,Winter,2343.1624591279324,2742.2330005062454
roadTransport,USA,7.0,Spring,2652.4481043372375,2786.1492464276257
diesel,Asia-Pacific,16.0,Spring,1527.1281269449773,1900.0448564603819
diesel,Asia-Pacific,22.0,Winter,1208.2353858431113,1678.2921273577103
diesel,Asia-Pacific,19.0,Summer,1735.5112236202758,2096.3637089103822
diesel,India,0.0,Winter,1919.8895053088418,2169.484116882016
roadTransport,Europe,11.0,Winter,11039.893588274344,13403.439080674232
rawMaterial,Europe,11.0,Summer,8025.649986125725,9652.263598390049
roadTransport,India,23.0,Spring,7846.641826243159,9695.53942910656
diesel,Asia-Pacific,6.0,Autumn,1020.1071499512383,1007.5160748926276
diesel,USA,20.0,Summer,2117.0123084596808,2342.207358679076
diesel,Europe,4.0,Summer,2127.267090315227,2127.716169135918
rawMaterial,Asia-Pacific,6.0,Spring,15147.586353743614,12822.55297472555
roadTransport,India,4.0,Autumn,4182.9487422733955,4175.447575980051
roadTransport,India,14.0,Winter,3235.691532317863,3951.2555198546243
diesel,Europe,6.0,Autumn,1197.7632322347424,1219.6166576483308
rawMaterial,India,8.0,Spring,24852.317041968876,22681.84436993721
rawMaterial,USA,4.0,Winter,14294.253046285487,14371.407455070306
diesel,Europe,14.0,Spring,1112.113509550447,1268.5941538771308
rawMaterial,Asia-Pacific,18.0,Summer,21235.29020084,27116.72447458217
rawMaterial,USA,11.0,Winter,5297.47733592977,5729.807508186333
diesel,India,3.0,Spring,728.6715064269929,759.5965240044243
rawMaterial,USA,24.0,Summer,13407.920797393559,16572.268188297476
diesel,India,12.0,Spring,2420.6998029871834,2413.53405428082
rawMaterial,Asia-Pacific,1.0,Spring,27197.616675249694,26417.072555179253
electricity,Europe,19.0,Autumn,7582.05899970672,8799.041682772997
diesel,USA,1.0,Autumn,142.83069723393922,136.71454699739598
diesel,India,2.0,Winter,352.3774369982363,429.87945881694134
diesel,Asia-Pacific,3.0,Autumn,1211.1804436480404,1270.9516948403775
electricity,USA,24.0,Winter,1671.0983539478125,2175.8222936736406
roadTransport,India,20.0,Summer,12909.132799871833,15075.393771133062
rawMaterial,India,8.0,Summer,8146.746761957648,8547.303249004954
rawMaterial,India,19.0,Autumn,7385.613654840296,8690.006256847008
diesel,India,10.0,Winter,1304.4241256695468,1529.0270892590795
diesel,Europe,23.0,Autumn,1687.449751607207,1985.2002669809788
electricity,India,4.0,Summer,7656.565635225387,9407.162419053719
diesel,Europe,17.0,Winter,2421.1278621342262,3273.7534723094936
diesel,USA,16.0,Winter,2202.3582854854358,2975.375164533898
rawMaterial,India,14.0,Winter,15064.574232626323,17246.42880116334
rawMaterial,India,21.0,Autumn,27908.584055183783,33161.87170041084
diesel,Asia-Pacific,1.0,Autumn,1178.0189938264407,1125.7060390860097
roadTransport,Europe,14.0,Summer,2418.611639820998,2801.092212493722
roadTransport,India,24.0,Autumn,782.9608948364993,954.921716115378
diesel,Asia-Pacific,23.0,Winter,1784.1647528136814,2528.679616619836
rawMaterial,India,2.0,Winter,8874.363568035633,9235.725447015457
electricity,Europe,6.0,Spring,907.2254919112252,911.9353543012178
electricity,Asia-Pacific,11.0,Spring,3293.255213520063,3726.3629581084633
diesel,Europe,12.0,Autumn,1326.02713039438,1495.34218622547
roadTransport,Asia-Pacific,18.0,Summer,339.826512526848,417.69108927037263
roadTransport,USA,1.0,Winter,471.31185867210434,467.46107039028254
electricity,USA,21.0,Autumn,3061.612470187088,3738.06073087154
roadTransport,USA,8.0,Spring,2344.8993117198147,2436.513531385124
diesel,India,23.0,Winter,720.5160710795818,1023.9667761781103
roadTransport,USA,8.0,Summer,1491.6279321691552,1607.276548449932
diesel,Europe,2.0,Spring,342.32370756583526,318.41702743171754
electricity,Asia-Pacific,8.0,Summer,912.6295824506527,843.8138494263179
diesel,Asia-Pacific,4.0,Summer,905.1886071022485,871.6088500672472
electricity,India,18.0,Winter,3759.883745417626,5199.288173039128
electricity,Asia-Pacific,1.0,Autumn,5907.7359928785545,5896.442780429286
electricity,India,16.0,Winter,2662.8749135549274,3351.0761515338286
diesel,Europe,11.0,Spring,1062.8343734857965,1055.6668622403402
electricity,USA,14.0,Winter,3657.7052590908825,3938.2330699374334
diesel,India,20.0,Autumn,1752.5924042718568,2051.807850496009
rawMaterial,India,24.0,Spring,23522.559722390833,29805.986538859834
roadTransport,USA,8.0,Spring,1445.634424999007,1413.3727221705485
rawMaterial,Asia-Pacific,13.0,Autumn,25498.577098652957,28985.312969624247
electricity,India,4.0,Winter,784.012433095611,880.162050977831
rawMaterial,USA,22.0,Spring,3686.622817760225,4629.657041791653
roadTransport,Asia-Pacific,12.0,Summer,349.9020809326377,400.54107532862207
roadTransport,India,15.0,Spring,8379.707491444597,9904.73892019465
electricity,Asia-Pacific,12.0,Summer,3242.9746036755782,3590.988900776055
electricity,India,13.0,Spring,2380.5027118885155,3069.195708000862
electricity,USA,2.0,Spring,3931.1792967460824,3932.0424063062187
electricity,USA,20.0,Summer,6954.9733600412,8577.25753897632
diesel,USA,19.0,Spring,168.54812497562455,208.6859614350325
roadTransport,USA,24.0,Spring,7288.285012753656,9578.815805602166
rawMaterial,USA,4.0,Spring,28594.850375519938,27108.064067385658
diesel,Europe,2.0,Summer,1073.885291610084,1086.3735074942847
roadTransport,Europe,0.0,Autumn,9090.02599416781,8744.657351180582
electricity,India,19.0,Spring,1366.151972915476,1862.2549108024446
roadTransport,Asia-Pacific,20.0,Summer,4185.001493113356,5024.513908959586
roadTransport,USA,0.0,Autumn,1937.2511787073786,2097.6868152354787
electricity,Europe,22.0,Winter,541.8905445071557,724.7328542788524
roadTransport,USA,24.0,Autumn,1181.581776127713,1443.5150540293287
diesel,India,1.0,Summer,1804.6231564404975,1886.6217569752794
electricity,Europe,24.0,Summer,7560.923829663566,9218.58427301799
electricity,Asia-Pacific,12.0,Spring,1134.2621117427843,1249.9193343789823
electricity,India,16.0,Spring,5229.062929328752,6789.310519236147
electricity,Europe,13.0,Summer,4501.868657318687,4923.98969344681
electricity,USA,16.0,Spring,6295.716784304194,7160.938177196979
roadTransport,Europe,8.0,Autumn,7029.8992408317945,7731.536724693284
electricity,USA,20.0,Winter,4221.662376189207,5198.334877864728
electricity,Europe,19.0,Autumn,3837.9230330262353,4486.773855589043
electricity,Europe,22.0,Summer,2070.3487230469464,2595.8821536758255
roadTransport,India,0.0,Autumn,1676.3956780270141,1586.9877349324072
electricity,USA,11.0,Winter,7081.99828455081,7622.879399761574
electricity,USA,2.0,Summer,1551.436136096862,1495.6137145838557
roadTransport,USA,15.0,Autumn,10544.367170894353,11520.190878838639
electricity,Europe,20.0,Spring,5687.14479466841,6738.625025387998
diesel,India,6.0,Autumn,2045.431803678881,2140.557669260245
rawMaterial,USA,21.0,Autumn,19839.74112044248,24022.14912010041
roadTransport,India,3.0,Autumn,809.82450706933,795.6859712326594
rawMaterial,India,8.0,Summer,20188.91069335961,18760.7834757466
rawMaterial,USA,21.0,Autumn,19636.431219194827,21402.933073118544
diesel,India,11.0,Summer,269.4098793753626,295.15186084609064
rawMaterial,Asia-Pacific,16.0,Spring,29387.689570277096,35289.33012876689
diesel,India,20.0,Winter,700.671141340865,962.8970143075902
electricity,India,2.0,Winter,2243.0524210071376,2649.648026973111
rawMaterial,USA,2.0,Autumn,8817.229165867531,8420.621972593965
roadTransport,Asia-Pacific,21.0,Summer,9370.72494095677,10440.323116299014
rawMaterial,Europe,22.0,Autumn,28646.47984863193,36043.36833028436
rawMaterial,India,22.0,Winter,24096.87651829577,29756.943850895135
rawMaterial,USA,20.0,Spring,28504.25534943851,34058.7738242292
diesel,USA,12.0,Autumn,701.4176249861539,787.9921519316136
roadTransport,India,24.0,Autumn,4738.882428955236,5920.481642655204
roadTransport,Europe,8.0,Autumn,558.3480348100982,569.4697251888834
rawMaterial,USA,24.0,Autumn,18768.891369867655,22476.30197024006
rawMaterial,Asia-Pacific,21.0,Summer,10420.097751406774,12706.882987746432
electricity,USA,17.0,Winter,5851.922064769036,6934.215464923816
roadTransport,Europe,11.0,Spring,4226.532981015156,4764.978328745364
roadTransport,Europe,12.0,Spring,3049.418093667419,3337.893674863992
electricity,India,8.0,Autumn,1834.012235613465,2057.7233409668534
diesel,USA,16.0,Spring,2259.759284982112,2380.0135493217563
rawMaterial,Europe,7.0,Winter,10640.64671463311,10286.523024342101
roadTransport,Europe,18.0,Summer,543.3129832014364,663.1794593382358
roadTransport,India,12.0,Autumn,866.9041435552131,1015.7944238978555
rawMaterial,Asia-Pacific,17.0,Summer,18263.733790409875,22754.191641721543
rawMaterial,Europe,3.0,Winter,20840.75830720574,20500.618764517523
roadTransport,USA,16.0,Spring,7739.284235811405,9170.296011713866
rawMaterial,India,11.0,Winter,11878.731715609745,12605.804494896598
rawMaterial,India,24.0,Summer,24124.46518830157,27044.670320417346
diesel,Europe,4.0,Summer,1738.5863479922873,1604.2884310492893
electricity,Asia-Pacific,3.0,Summer,7308.994004745197,6483.301974073928
roadTransport,India,21.0,Spring,918.9633154485248,1027.4580834388898
rawMaterial,Asia-Pacific,22.0,Autumn,19740.43921920629,23651.47480469163
electricity,Asia-Pacific,2.0,Spring,3023.2483111596043,2985.339034791666
rawMaterial,Europe,15.0,Autumn,22816.344981846854,28725.581863224
rawMaterial,Asia-Pacific,6.0,Spring,8521.463237058739,9282.416264065287
roadTransport,USA,20.0,Winter,7072.423751133595,8164.103991175547
diesel,India,2.0,Autumn,1425.9738020920374,1466.9801816155375
electricity,Asia-Pacific,4.0,Winter,2959.2239749103774,3079.265710082257
rawMaterial,India,16.0,Autumn,9449.157009591954,10887.559600504044
diesel,USA,3.0,Winter,790.3833503901002,834.4861621850547
rawMaterial,Europe,9.0,Summer,20436.580534240184,18407.628175340487
electricity,USA,13.0,Autumn,2741.179355693564,3298.1005665316984
rawMaterial,Asia-Pacific,18.0,Winter,12109.77477886951,13403.174370440413
rawMaterial,India,6.0,Spring,1697.0039749558612,1727.6284902074428
diesel,Europe,0.0,Winter,1403.7338287855807,1749.1722659603656
roadTransport,India,24.0,Spring,2862.561831868246,3362.5684981769527
electricity,Asia-Pacific,12.0,Summer,5581.781717585907,6040.762893573727
diesel,USA,21.0,Autumn,2310.023447804443,2781.160080909815
roadTransport,Europe,18.0,Winter,1090.7241683226996,1279.7442466700984
electricity,Asia-Pacific,2.0,Autumn,6189.262091237489,5876.39583326975
diesel,India,21.0,Winter,2053.24166227045,2924.1935717934907
roadTransport,India,6.0,Summer,3480.38041991999,3468.9710496996395
roadTransport,Europe,4.0,Winter,2841.7856631813997,2901.994530109842
rawMaterial,Europe,4.0,Spring,7956.291835631908,8081.851004327557
electricity,Europe,17.0,Autumn,3950.5830516544693,4516.773073124553
electricity,USA,0.0,Spring,6440.57879778678,6309.762807641378
diesel,USA,15.0,Autumn,1176.7312089933287,1237.7582344934942
diesel,Asia-Pacific,8.0,Spring,2007.0635541143408,1922.9186040363904
diesel,USA,14.0,Winter,1108.0326550065347,1333.0380728504554
rawMaterial,Asia-Pacific,21.0,Spring,15113.38628475555,19088.871554458157
roadTransport,USA,23.0,Autumn,653.8560450788166,806.8695747528506
diesel,Europe,21.0,Spring,2628.927888121992,2942.6552778280197
rawMaterial,India,9.0,Autumn,1048.9295340601398,1013.620144095729
electricity,India,13.0,Autumn,4050.7244850997386,5450.5852366346735
roadTransport,Europe,21.0,Autumn,2490.063598806139,3020.7357799742554
rawMaterial,Europe,22.0,Spring,25718.574545953576,30679.406685325997
electricity,Asia-Pacific,5.0,Spring,5583.123744257235,5425.913525718478
electricity,Europe,24.0,Spring,2319.7030750011454,3215.8364154552273
rawMaterial,USA,2.0,Spring,28012.84070346513,28047.346293450093
diesel,Asia-Pacific,4.0,Spring,2557.3781105711946,2409.9536890048958
electricity,Asia-Pacific,22.0,Autumn,997.7549973865795,1200.7892980840086
electricity,USA,10.0,Spring,4359.049191520465,4598.859194205644
roadTransport,USA,20.0,Autumn,11349.999390926569,14670.427519861478
electricity,Europe,3.0,Spring,7669.666648420322,7667.460726946158
roadTransport,Europe,20.0,Spring,6418.452079894751,7030.687734384696
diesel,Asia-Pacific,7.0,Winter,1238.250170902512,1404.487387173867
diesel,India,0.0,Spring,650.7652532041127,671.5520458185267
rawMaterial,Asia-Pacific,6.0,Summer,6115.423026568579,5819.020149856609
roadTransport,India,7.0,Spring,905.1324018233539,910.9439756005801
rawMaterial,India,12.0,Winter,17205.549865988512,19088.102656238392
roadTransport,India,7.0,Spring,1436.4856694301654,1424.5143535273232
rawMaterial,Europe,6.0,Autumn,27614.915356949867,26894.10592205458
electricity,India,4.0,Autumn,3865.022236403939,4352.446729035947
roadTransport,Europe,9.0,Summer,5984.088625719771,6010.02863275579
roadTransport,India,0.0,Spring,8446.167242711123,8252.345722786358
roadTransport,India,8.0,Winter,2377.7168879578217,2452.4522154189895
electricity,USA,20.0,Summer,6140.512130194395,7111.806744667544
roadTransport,Asia-Pacific,16.0,Winter,7347.66265465527,8644.677226943455
diesel,Europe,10.0,Autumn,2296.6019029189674,2254.296108220881
diesel,USA,19.0,Spring,210.73979492155638,234.51012608644308
rawMaterial,Asia-Pacific,15.0,Summer,10921.528514201023,12973.318307765468
electricity,Europe,22.0,Winter,5310.276080043122,6865.400884867273
roadTransport,USA,20.0,Summer,1607.652307255843,1940.3354505362774
roadTransport,Europe,13.0,Winter,1988.667265754667,2138.6689627418027
electricity,USA,7.0,Spring,5676.052159737457,5983.111874279122
electricity,USA,8.0,Autumn,5826.431228521888,6095.9515349007015
rawMaterial,Europe,15.0,Summer,20635.108045029552,23916.173003157528
roadTransport,India,13.0,Spring,6930.722106629483,8605.092773850574
roadTransport,India,1.0,Summer,7869.049831601201,8005.367045304348
roadTransport,India,23.0,Summer,729.4220019034004,859.2320027993234
roadTransport,USA,21.0,Summer,13320.926834717642,15112.302544993192
roadTransport,Asia-Pacific,24.0,Spring,4800.006985231411,6028.776434766404
roadTransport,India,20.0,Winter,2173.041248367284,2551.5309630878533
electricity,USA,8.0,Summer,8010.225621770567,8558.200760443373
diesel,India,3.0,Summer,1976.2301268383662,1957.6054562999384
roadTransport,Europe,14.0,Winter,3347.373220368577,3737.533149147761
electricity,USA,11.0,Summer,4737.436190304013,5197.800852082497
roadTransport,USA,2.0,Autumn,1682.5366029356496,1770.1757400899612
electricity,Asia-Pacific,9.0,Winter,2932.5463842089625,2685.9464394291545
rawMaterial,India,1.0,Winter,25475.44991559073,26399.24048999614
roadTransport,USA,20.0,Spring,1167.951294575424,1384.0264422672565
roadTransport,India,5.0,Winter,1193.299204599943,1217.10941312904
roadTransport,USA,14.0,Spring,373.2872555532541,441.6440793435539
rawMaterial,USA,19.0,Spring,3007.2653897014266,3476.1424875877055
electricity,USA,5.0,Autumn,2667.1594235880484,2816.439035361263
diesel,Europe,22.0,Winter,1991.906582792234,2781.3137540001044
electricity,Europe,12.0,Summer,1176.7686794269605,1326.648143403963
diesel,Europe,9.0,Autumn,1155.5294947766224,1145.396674875747
electricity,India,12.0,Summer,648.6520422858559,850.6787340798307
rawMaterial,India,15.0,Spring,27037.47203357725,31841.561046301587
diesel,India,8.0,Summer,674.2542125447618,632.8340599800525
rawMaterial,USA,3.0,Autumn,12739.007240879966,13917.530137982054
rawMaterial,India,21.0,Winter,4106.018551408909,5002.813571980811
electricity,USA,8.0,Autumn,4751.619588808352,5151.187920403729
electricity,Europe,1.0,Spring,7068.269862638522,7293.287575280389
roadTransport,Europe,13.0,Summer,1864.2968554487024,2034.6535777824151
roadTransport,Europe,8.0,Winter,6842.944849824289,6591.992817858988
roadTransport,Europe,8.0,Summer,1000.0293372114728,955.5299039326295
rawMaterial,Asia-Pacific,6.0,Spring,3183.367995283291,3286.2148301819766
electricity,Europe,11.0,Autumn,2928.6869453133736,3098.087320174034
electricity,India,18.0,Spring,6825.475744705445,8811.765623732845
diesel,Europe,9.0,Autumn,2168.1951620394434,2070.333846601907
roadTransport,Europe,15.0,Winter,4291.116133266733,4809.899416174767
diesel,India,17.0,Spring,1490.4051081502857,1621.2445140163009
roadTransport,India,15.0,Summer,850.0141966041404,962.3627690703805
diesel,India,8.0,Winter,1919.2010169299735,2397.249453217134
diesel,USA,20.0,Spring,2498.533777084477,2814.3179467365335
rawMaterial,India,11.0,Winter,8745.486769709414,10223.92755973629
roadTransport,India,21.0,Summer,8494.12171147229,10055.121627385002
electricity,Europe,19.0,Summer,2480.7420122292474,2972.02748657955
roadTransport,India,17.0,Winter,2702.6284582102603,3215.058821201433
electricity,Asia-Pacific,22.0,Autumn,2312.515348739156,2774.9339596005707
diesel,Europe,18.0,Winter,378.55022407500525,521.8837845928532
electricity,Asia-Pacific,5.0,Spring,7147.055415550817,7034.857046344931
roadTransport,Europe,20.0,Spring,740.5945227421377,947.8009077414171
roadTransport,India,17.0,Winter,669.9746641423983,820.6546781711521
roadTransport,Asia-Pacific,2.0,Winter,546.886004988319,569.3672973348852
rawMaterial,Europe,24.0,Autumn,4466.343640945538,5612.2603006172685
electricity,Asia-Pacific,1.0,Autumn,4690.406196749973,4781.833388271386
rawMaterial,India,17.0,Autumn,8126.175736785006,9334.943750601506
diesel,Europe,13.0,Winter,2406.5986405906747,3234.5239532190126
electricity,India,23.0,Autumn,8010.181579197288,11632.068495597945
electricity,USA,20.0,Autumn,2893.622570666198,3373.820568820491
diesel,India,11.0,Winter,2087.5157461044887,2896.958451051925
rawMaterial,India,5.0,Summer,11965.239213763658,11735.387587305
diesel,India,19.0,Summer,1468.1156499467934,1763.292590694727
electricity,USA,13.0,Autumn,5652.439446613869,5957.457567371554
roadTransport,India,14.0,Autumn,8628.221570106381,9602.09500507153
electricity,Asia-Pacific,11.0,Summer,2966.869188840638,2854.899845692794
electricity,USA,14.0,Autumn,7020.893120054331,8284.812112393718
roadTransport,Europe,10.0,Spring,4922.808013022459,4802.207351035059
electricity,India,16.0,Spring,2162.7396939668793,2729.1464382528943
rawMaterial,USA,9.0,Spring,18254.277372810608,18456.57095966879
roadTransport,India,18.0,Autumn,3143.8458959131167,3584.738613735556
